year;dpto;nom_dpto;nom_ciu;sexo;Carro;Moto;Bicicleta
2010;5;Antioquia;Medellin;hombre;0.13310395;0.18582971;0.28512183
2010;5;Antioquia;Medellin;mujer;0.12830603;0.15763196;0.26569226
2010;8;Atlantico;Barranquilla;hombre;0.083140269;0.1196138;0.23193169
2010;8;Atlantico;Barranquilla;mujer;0.085618235;0.1099298;0.21825324
2010;11;Bogota;Bogota;hombre;0.23088643;0.077330641;0.4116109
2010;11;Bogota;Bogota;mujer;0.21399163;0.063224986;0.37324145
2010;13;Bolivar;Cartagena;hombre;0.055516515;0.12740028;0.23111445
2010;13;Bolivar;Cartagena;mujer;0.060381528;0.11576279;0.21889108
2010;15;Boyaca;Tunja;hombre;0.17585817;0.10925125;0.27598172
2010;15;Boyaca;Tunja;mujer;0.1641738;0.083987869;0.25421271
2010;17;Caldas;Manizales;hombre;0.10075636;0.2060968;0.29128173
2010;17;Caldas;Manizales;mujer;0.094443083;0.17678271;0.27299941
2010;18;Caqueta;Florencia;hombre;0.058759633;0.24294603;0.11727478
2010;18;Caqueta;Florencia;mujer;0.049416002;0.22011843;0.11880237
2010;19;Cauca;Popayan;hombre;0.055804901;0.16454338;0.20553064
2010;19;Cauca;Popayan;mujer;0.052462071;0.15793753;0.1977682
2010;20;Cesar;Valledupar;hombre;0.089089341;0.23846264;0.48487282
2010;20;Cesar;Valledupar;mujer;0.089739114;0.22795294;0.46293911
2010;23;Cordoba;Monteria;hombre;0.043862604;0.23856866;0.50560802
2010;23;Cordoba;Monteria;mujer;0.047496848;0.23362011;0.46695045
2010;25;Cundinamarca;Cundinamarca;hombre;0.13667372;0.14266637;0.41511697
2010;25;Cundinamarca;Cundinamarca;mujer;0.13864666;0.13073045;0.3872256
2010;27;Choco;Quibdo;hombre;0.00671993;0.082509078;0.061357651
2010;27;Choco;Quibdo;mujer;0.006811314;0.083699442;0.06080256
2010;41;Huila;Neiva;hombre;0.11203759;0.33090642;0.29273203
2010;41;Huila;Neiva;mujer;0.10964277;0.30437154;0.2876378
2010;44;La Guajira;Riohacha;hombre;0.082756624;0.071376763;0.33838341
2010;44;La Guajira;Riohacha;mujer;0.077613801;0.070347659;0.31021425
2010;47;Magdalena;Santa Marta;hombre;0.057752606;0.18023121;0.36759603
2010;47;Magdalena;Santa Marta;mujer;0.061383341;0.1727246;0.35141677
2010;50;Meta;Villavicencio;hombre;0.10619266;0.34537295;0.44464499
2010;50;Meta;Villavicencio;mujer;0.10525018;0.32139504;0.42219377
2010;52;Nariño;Pasto;hombre;0.069488935;0.1833401;0.17244656
2010;52;Nariño;Pasto;mujer;0.064480431;0.15731324;0.15959716
2010;54;Norte de Santander;Cucuta;hombre;0.13703114;0.23260336;0.27835438
2010;54;Norte de Santander;Cucuta;mujer;0.13436653;0.21149816;0.25840414
2010;63;Quindio;Armenia;hombre;0.10683581;0.23982896;0.40733433
2010;63;Quindio;Armenia;mujer;0.11278317;0.21509337;0.37297636
2010;66;Risaralda;Pereira;hombre;0.10348233;0.20348728;0.28647164
2010;66;Risaralda;Pereira;mujer;0.09998367;0.17739344;0.2716926
2010;68;Santander;Bucaramanga;hombre;0.1658131;0.25871852;0.23119612
2010;68;Santander;Bucaramanga;mujer;0.15286016;0.22262852;0.21727443
2010;70;Sucre;Sincelejo;hombre;0.036039568;0.18445018;0.31001639
2010;70;Sucre;Sincelejo;mujer;0.037830275;0.18082182;0.29503551
2010;73;Tolima;Ibague;hombre;0.093363389;0.22229958;0.38307846
2010;73;Tolima;Ibague;mujer;0.093329266;0.19868509;0.37377614
2010;76;Valle del Cauca;Cali;hombre;0.13260289;0.25953519;0.51053458
2010;76;Valle del Cauca;Cali;mujer;0.12748721;0.22766162;0.47632226
2011;5;Antioquia;Medellin;hombre;0.12873203;0.21333675;0.33185363
2011;5;Antioquia;Medellin;mujer;0.12695448;0.18324383;0.3064062
2011;8;Atlantico;Barranquilla;hombre;0.071805544;0.12699234;0.26370943
2011;8;Atlantico;Barranquilla;mujer;0.078126371;0.11103684;0.23992963
2011;11;Bogota;Bogota;hombre;0.21601044;0.095311686;0.38747665
2011;11;Bogota;Bogota;mujer;0.21114682;0.080233708;0.35574567
2011;13;Bolivar;Cartagena;hombre;0.055078611;0.15531482;0.22116977
2011;13;Bolivar;Cartagena;mujer;0.06005751;0.14356527;0.20922615
2011;15;Boyaca;Tunja;hombre;0.155973;0.10123557;0.28334445
2011;15;Boyaca;Tunja;mujer;0.15306282;0.09591195;0.25885791
2011;17;Caldas;Manizales;hombre;0.10407814;0.23088562;0.3500216
2011;17;Caldas;Manizales;mujer;0.093654379;0.19892058;0.33640197
2011;18;Caqueta;Florencia;hombre;0.045162313;0.25183648;0.15240154
2011;18;Caqueta;Florencia;mujer;0.044059247;0.24165525;0.15225159
2011;19;Cauca;Popayan;hombre;0.058331333;0.20520285;0.25705248
2011;19;Cauca;Popayan;mujer;0.053522903;0.19524595;0.24504955
2011;20;Cesar;Valledupar;hombre;0.093383186;0.28086057;0.44166359
2011;20;Cesar;Valledupar;mujer;0.093109459;0.27076787;0.41153994
2011;23;Cordoba;Monteria;hombre;0.051844459;0.26079008;0.45590153
2011;23;Cordoba;Monteria;mujer;0.058330864;0.25030857;0.44259983
2011;25;Cundinamarca;Cundinamarca;hombre;0.12154105;0.17390265;0.44216964
2011;25;Cundinamarca;Cundinamarca;mujer;0.1181232;0.16079916;0.42692691
2011;27;Choco;Quibdo;hombre;0.01263232;0.11032315;0.082553469
2011;27;Choco;Quibdo;mujer;0.011893689;0.10263731;0.086200029
2011;41;Huila;Neiva;hombre;0.10802168;0.36096102;0.32297772
2011;41;Huila;Neiva;mujer;0.10375985;0.33299682;0.3039428
2011;44;La Guajira;Riohacha;hombre;0.067949355;0.078507781;0.2815564
2011;44;La Guajira;Riohacha;mujer;0.07173153;0.07755845;0.26040402
2011;47;Magdalena;Santa Marta;hombre;0.049512681;0.21189159;0.36416346
2011;47;Magdalena;Santa Marta;mujer;0.054312468;0.19497795;0.33816409
2011;50;Meta;Villavicencio;hombre;0.10295813;0.36221531;0.41207486
2011;50;Meta;Villavicencio;mujer;0.10138438;0.34209916;0.39458856
2011;52;Nariño;Pasto;hombre;0.073011525;0.19218001;0.23534499
2011;52;Nariño;Pasto;mujer;0.067949235;0.17212032;0.20982176
2011;54;Norte de Santander;Cucuta;hombre;0.14639637;0.24013153;0.27711183
2011;54;Norte de Santander;Cucuta;mujer;0.1453812;0.22786541;0.27027848
2011;63;Quindio;Armenia;hombre;0.1142622;0.25426605;0.3843087
2011;63;Quindio;Armenia;mujer;0.10929542;0.22694699;0.35792938
2011;66;Risaralda;Pereira;hombre;0.1130828;0.24297541;0.28433859
2011;66;Risaralda;Pereira;mujer;0.10617902;0.21580997;0.27342626
2011;68;Santander;Bucaramanga;hombre;0.15656763;0.28252968;0.22604144
2011;68;Santander;Bucaramanga;mujer;0.14884733;0.25619498;0.22277839
2011;70;Sucre;Sincelejo;hombre;0.042677782;0.27191031;0.31342503
2011;70;Sucre;Sincelejo;mujer;0.045112722;0.25819406;0.29666659
2011;73;Tolima;Ibague;hombre;0.096723624;0.24396399;0.38420555
2011;73;Tolima;Ibague;mujer;0.090767115;0.22243075;0.37868595
2011;76;Valle del Cauca;Cali;hombre;0.12538414;0.27981353;0.51542974
2011;76;Valle del Cauca;Cali;mujer;0.12485791;0.25306702;0.48068613
2012;5;Antioquia;Medellin;hombre;0.12832779;0.25025088;0.33920369
2012;5;Antioquia;Medellin;mujer;0.12801369;0.21586376;0.31842396
2012;8;Atlantico;Barranquilla;hombre;0.09029597;0.13887894;0.26491946
2012;8;Atlantico;Barranquilla;mujer;0.096355259;0.12665465;0.25335875
2012;11;Bogota;Bogota;hombre;0.21035916;0.10101268;0.38979223
2012;11;Bogota;Bogota;mujer;0.20401716;0.085182972;0.36759666
2012;13;Bolivar;Cartagena;hombre;0.053011764;0.17014605;0.23735388
2012;13;Bolivar;Cartagena;mujer;0.056985646;0.15835497;0.23091845
2012;15;Boyaca;Tunja;hombre;0.15356241;0.11992184;0.29506731
2012;15;Boyaca;Tunja;mujer;0.14196305;0.10041026;0.25909868
2012;17;Caldas;Manizales;hombre;0.094490334;0.23660727;0.35229498
2012;17;Caldas;Manizales;mujer;0.090497419;0.21604621;0.32183355
2012;18;Caqueta;Florencia;hombre;0.067238934;0.29768214;0.16717309
2012;18;Caqueta;Florencia;mujer;0.054794166;0.28154126;0.16102229
2012;19;Cauca;Popayan;hombre;0.074833028;0.24781114;0.26866379
2012;19;Cauca;Popayan;mujer;0.063800633;0.21686745;0.25003427
2012;20;Cesar;Valledupar;hombre;0.095123217;0.29857063;0.41405064
2012;20;Cesar;Valledupar;mujer;0.090989396;0.29129198;0.38112307
2012;23;Cordoba;Monteria;hombre;0.062894091;0.29578117;0.48081118
2012;23;Cordoba;Monteria;mujer;0.067134336;0.29312012;0.46213737
2012;25;Cundinamarca;Cundinamarca;hombre;0.13596499;0.17863715;0.40956599
2012;25;Cundinamarca;Cundinamarca;mujer;0.13712446;0.16796492;0.40726307
2012;27;Choco;Quibdo;hombre;0.012361966;0.11609135;0.13513327
2012;27;Choco;Quibdo;mujer;0.010817502;0.11304558;0.13346182
2012;41;Huila;Neiva;hombre;0.11925057;0.42856815;0.32701075
2012;41;Huila;Neiva;mujer;0.11552818;0.40475202;0.31682184
2012;44;La Guajira;Riohacha;hombre;0.11542277;0.11796221;0.35847828
2012;44;La Guajira;Riohacha;mujer;0.10299978;0.10428693;0.31981817
2012;47;Magdalena;Santa Marta;hombre;0.055958834;0.24376234;0.38108426
2012;47;Magdalena;Santa Marta;mujer;0.058456842;0.21974619;0.36022687
2012;50;Meta;Villavicencio;hombre;0.13112077;0.39553192;0.42132756
2012;50;Meta;Villavicencio;mujer;0.12986197;0.37081686;0.40698218
2012;52;Nariño;Pasto;hombre;0.07311444;0.22140917;0.20714946
2012;52;Nariño;Pasto;mujer;0.068878636;0.19345155;0.19224249
2012;54;Norte de Santander;Cucuta;hombre;0.12822254;0.27093145;0.28430477
2012;54;Norte de Santander;Cucuta;mujer;0.12459168;0.24839938;0.26950228
2012;63;Quindio;Armenia;hombre;0.13591594;0.27393308;0.39433461
2012;63;Quindio;Armenia;mujer;0.12281428;0.24369204;0.37828004
2012;66;Risaralda;Pereira;hombre;0.11358915;0.25826147;0.29680467
2012;66;Risaralda;Pereira;mujer;0.1061414;0.23206064;0.28301165
2012;68;Santander;Bucaramanga;hombre;0.16693333;0.30269891;0.256964
2012;68;Santander;Bucaramanga;mujer;0.15927608;0.27384117;0.24025784
2012;70;Sucre;Sincelejo;hombre;0.03610824;0.28686103;0.28038764
2012;70;Sucre;Sincelejo;mujer;0.034159172;0.27002609;0.27501449
2012;73;Tolima;Ibague;hombre;0.1092327;0.27517796;0.3468464
2012;73;Tolima;Ibague;mujer;0.09743242;0.25213656;0.33212492
2012;76;Valle del Cauca;Cali;hombre;0.14700681;0.32444957;0.51050127
2012;76;Valle del Cauca;Cali;mujer;0.14371398;0.29012945;0.47990027
2013;5;Antioquia;Medellin;hombre;0.1302063;0.25735757;0.33591914
2013;5;Antioquia;Medellin;mujer;0.1281932;0.22794987;0.33350185
2013;8;Atlantico;Barranquilla;hombre;0.087191917;0.13938452;0.24110425
2013;8;Atlantico;Barranquilla;mujer;0.093018934;0.12342994;0.22038226
2013;11;Bogota;Bogota;hombre;0.23975125;0.11837327;0.41118363
2013;11;Bogota;Bogota;mujer;0.23638673;0.097822458;0.37888271
2013;13;Bolivar;Cartagena;hombre;0.059854362;0.18503666;0.24263018
2013;13;Bolivar;Cartagena;mujer;0.061182961;0.16497315;0.22210903
2013;15;Boyaca;Tunja;hombre;0.16923529;0.15391578;0.31199029
2013;15;Boyaca;Tunja;mujer;0.15659392;0.13945904;0.29471451
2013;17;Caldas;Manizales;hombre;0.11724323;0.26827437;0.31241837
2013;17;Caldas;Manizales;mujer;0.10654169;0.23414665;0.29196081
2013;18;Caqueta;Florencia;hombre;0.062796749;0.35180989;0.13437946
2013;18;Caqueta;Florencia;mujer;0.05739199;0.33915889;0.13554095
2013;19;Cauca;Popayan;hombre;0.06392654;0.25466809;0.25628579
2013;19;Cauca;Popayan;mujer;0.065989345;0.23725834;0.23256101
2013;20;Cesar;Valledupar;hombre;0.08865463;0.30868441;0.41030419
2013;20;Cesar;Valledupar;mujer;0.08748322;0.30657819;0.38792592
2013;23;Cordoba;Monteria;hombre;0.06151925;0.34104583;0.55252671
2013;23;Cordoba;Monteria;mujer;0.069212154;0.34044454;0.52739787
2013;25;Cundinamarca;Cundinamarca;hombre;0.16525628;0.19525845;0.41678312
2013;25;Cundinamarca;Cundinamarca;mujer;0.15067483;0.17786926;0.38847199
2013;27;Choco;Quibdo;hombre;0.022590796;0.11977233;0.13810989
2013;27;Choco;Quibdo;mujer;0.018973747;0.11143842;0.13321011
2013;41;Huila;Neiva;hombre;0.10908289;0.43922734;0.29534161
2013;41;Huila;Neiva;mujer;0.1053694;0.41627559;0.29835886
2013;44;La Guajira;Riohacha;hombre;0.078342274;0.12575632;0.31087509
2013;44;La Guajira;Riohacha;mujer;0.077271596;0.1146182;0.29213011
2013;47;Magdalena;Santa Marta;hombre;0.046875808;0.24503842;0.36211839
2013;47;Magdalena;Santa Marta;mujer;0.048291478;0.22674133;0.34897608
2013;50;Meta;Villavicencio;hombre;0.13913605;0.44656441;0.41432664
2013;50;Meta;Villavicencio;mujer;0.13499019;0.41479266;0.4063985
2013;52;Nariño;Pasto;hombre;0.074754521;0.25242957;0.22827137
2013;52;Nariño;Pasto;mujer;0.070732228;0.21709341;0.20973353
2013;54;Norte de Santander;Cucuta;hombre;0.12443695;0.32090166;0.26528814
2013;54;Norte de Santander;Cucuta;mujer;0.11979972;0.289031;0.25222227
2013;63;Quindio;Armenia;hombre;0.10832202;0.30945098;0.37488443
2013;63;Quindio;Armenia;mujer;0.11151834;0.26995692;0.35512489
2013;66;Risaralda;Pereira;hombre;0.11712588;0.30486837;0.32697707
2013;66;Risaralda;Pereira;mujer;0.11492451;0.27252313;0.31297854
2013;68;Santander;Bucaramanga;hombre;0.15896192;0.31499302;0.25205293
2013;68;Santander;Bucaramanga;mujer;0.15223552;0.2867516;0.24097314
2013;70;Sucre;Sincelejo;hombre;0.034315228;0.30553693;0.28712121
2013;70;Sucre;Sincelejo;mujer;0.038620796;0.29964295;0.26738331
2013;73;Tolima;Ibague;hombre;0.11136033;0.27613804;0.39578071
2013;73;Tolima;Ibague;mujer;0.10047933;0.26246548;0.37531829
2013;76;Valle del Cauca;Cali;hombre;0.15228249;0.34900573;0.51164734
2013;76;Valle del Cauca;Cali;mujer;0.14406902;0.30399334;0.47025937
2014;5;Antioquia;Medellin;hombre;0.14536513;0.25986704;0.32196227
2014;5;Antioquia;Medellin;mujer;0.14393248;0.22196931;0.30447122
2014;8;Atlantico;Barranquilla;hombre;0.092596546;0.15775491;0.24353907
2014;8;Atlantico;Barranquilla;mujer;0.09703175;0.14748532;0.22381942
2014;11;Bogota;Bogota;hombre;0.2296104;0.12931375;0.40576604
2014;11;Bogota;Bogota;mujer;0.22176047;0.1060736;0.37320799
2014;13;Bolivar;Cartagena;hombre;0.067428432;0.19377095;0.22752766
2014;13;Bolivar;Cartagena;mujer;0.077124357;0.18401721;0.22305691
2014;15;Boyaca;Tunja;hombre;0.18794842;0.18793978;0.31355456
2014;15;Boyaca;Tunja;mujer;0.17022951;0.16075718;0.29382852
2014;17;Caldas;Manizales;hombre;0.10935119;0.26664984;0.31234881
2014;17;Caldas;Manizales;mujer;0.10056898;0.24443689;0.29327163
2014;18;Caqueta;Florencia;hombre;0.064819969;0.40389007;0.15401421
2014;18;Caqueta;Florencia;mujer;0.058409326;0.37972435;0.15747865
2014;19;Cauca;Popayan;hombre;0.068033896;0.2853936;0.22730429
2014;19;Cauca;Popayan;mujer;0.069425225;0.25580746;0.21948956
2014;20;Cesar;Valledupar;hombre;0.10790991;0.36004487;0.42632824
2014;20;Cesar;Valledupar;mujer;0.10972302;0.35026938;0.40759647
2014;23;Cordoba;Monteria;hombre;0.057557892;0.38510832;0.62894112
2014;23;Cordoba;Monteria;mujer;0.065230921;0.38197097;0.59570712
2014;25;Cundinamarca;Cundinamarca;hombre;0.16468941;0.23219405;0.43445751
2014;25;Cundinamarca;Cundinamarca;mujer;0.16088864;0.20616613;0.41088232
2014;27;Choco;Quibdo;hombre;0.014528281;0.13156864;0.11499174
2014;27;Choco;Quibdo;mujer;0.010770825;0.12393971;0.11667731
2014;41;Huila;Neiva;hombre;0.11755304;0.46507365;0.28601655
2014;41;Huila;Neiva;mujer;0.12170454;0.43691635;0.27379045
2014;44;La Guajira;Riohacha;hombre;0.080959409;0.1513091;0.32400563
2014;44;La Guajira;Riohacha;mujer;0.089206584;0.1341657;0.30412742
2014;47;Magdalena;Santa Marta;hombre;0.049468946;0.26430625;0.3453936
2014;47;Magdalena;Santa Marta;mujer;0.050963651;0.24089563;0.33109951
2014;50;Meta;Villavicencio;hombre;0.14171165;0.47599488;0.42793238
2014;50;Meta;Villavicencio;mujer;0.14407408;0.44993949;0.40692174
2014;52;Nariño;Pasto;hombre;0.085503913;0.28236037;0.22213894
2014;52;Nariño;Pasto;mujer;0.081065677;0.24573691;0.20257194
2014;54;Norte de Santander;Cucuta;hombre;0.12761487;0.37291798;0.25325915
2014;54;Norte de Santander;Cucuta;mujer;0.12915586;0.3319819;0.23518752
2014;63;Quindio;Armenia;hombre;0.131844;0.33998549;0.38042292
2014;63;Quindio;Armenia;mujer;0.12451008;0.30857155;0.34576255
2014;66;Risaralda;Pereira;hombre;0.1355204;0.3231622;0.33452731
2014;66;Risaralda;Pereira;mujer;0.12786329;0.28742394;0.31049964
2014;68;Santander;Bucaramanga;hombre;0.18295699;0.34778637;0.24695162
2014;68;Santander;Bucaramanga;mujer;0.17254041;0.31591627;0.23332959
2014;70;Sucre;Sincelejo;hombre;0.039156586;0.35580787;0.29343587
2014;70;Sucre;Sincelejo;mujer;0.045184579;0.33308563;0.27847192
2014;73;Tolima;Ibague;hombre;0.12265033;0.34741762;0.39602199
2014;73;Tolima;Ibague;mujer;0.11883736;0.32018629;0.38876289
2014;76;Valle del Cauca;Cali;hombre;0.14787456;0.35857782;0.49081537
2014;76;Valle del Cauca;Cali;mujer;0.14699554;0.32363126;0.45778355
2015;5;Antioquia;Medellin;hombre;0.14283434;0.27896097;0.30744538
2015;5;Antioquia;Medellin;mujer;0.14124815;0.24270037;0.29111025
2015;8;Atlantico;Barranquilla;hombre;0.10730068;0.18903179;0.29899153
2015;8;Atlantico;Barranquilla;mujer;0.11069632;0.18243147;0.29118603
2015;11;Bogota;Bogota;hombre;0.23610619;0.14558217;0.42450571
2015;11;Bogota;Bogota;mujer;0.22227412;0.12100755;0.39356181
2015;13;Bolivar;Cartagena;hombre;0.068737924;0.24517007;0.2024453
2015;13;Bolivar;Cartagena;mujer;0.074839614;0.23554173;0.18922645
2015;15;Boyaca;Tunja;hombre;0.21919079;0.20922373;0.32887962
2015;15;Boyaca;Tunja;mujer;0.20440517;0.18098617;0.30559024
2015;17;Caldas;Manizales;hombre;0.12363794;0.3204419;0.32291958
2015;17;Caldas;Manizales;mujer;0.11909077;0.29605147;0.2952652
2015;18;Caqueta;Florencia;hombre;0.063500695;0.41043785;0.13994388
2015;18;Caqueta;Florencia;mujer;0.059969541;0.38381895;0.14223178
2015;19;Cauca;Popayan;hombre;0.065360166;0.33938774;0.2240313
2015;19;Cauca;Popayan;mujer;0.064782821;0.30182824;0.1992268
2015;20;Cesar;Valledupar;hombre;0.098261125;0.3646425;0.38238826
2015;20;Cesar;Valledupar;mujer;0.097586542;0.33743367;0.35598382
2015;23;Cordoba;Monteria;hombre;0.066258669;0.42765394;0.67144167
2015;23;Cordoba;Monteria;mujer;0.069579124;0.42148674;0.65002376
2015;25;Cundinamarca;Cundinamarca;hombre;0.15114433;0.23753364;0.42449239
2015;25;Cundinamarca;Cundinamarca;mujer;0.1483518;0.21087176;0.40195498
2015;27;Choco;Quibdo;hombre;0.021400541;0.15266941;0.11996597
2015;27;Choco;Quibdo;mujer;0.019941224;0.14772506;0.12324172
2015;41;Huila;Neiva;hombre;0.12312535;0.48753452;0.26225176
2015;41;Huila;Neiva;mujer;0.12301298;0.45785978;0.25557187
2015;44;La Guajira;Riohacha;hombre;0.10556556;0.15888305;0.31608358
2015;44;La Guajira;Riohacha;mujer;0.10834748;0.13926172;0.29519105
2015;47;Magdalena;Santa Marta;hombre;0.05674934;0.30501997;0.33964109
2015;47;Magdalena;Santa Marta;mujer;0.056129757;0.27786097;0.31696409
2015;50;Meta;Villavicencio;hombre;0.16505733;0.52634901;0.4080531
2015;50;Meta;Villavicencio;mujer;0.16006757;0.49263629;0.39557329
2015;52;Nariño;Pasto;hombre;0.093687333;0.31159842;0.22411895
2015;52;Nariño;Pasto;mujer;0.086216532;0.26493526;0.20679261
2015;54;Norte de Santander;Cucuta;hombre;0.1309012;0.39049235;0.24313824
2015;54;Norte de Santander;Cucuta;mujer;0.11906191;0.36591467;0.23133755
2015;63;Quindio;Armenia;hombre;0.12934683;0.35530376;0.38494244
2015;63;Quindio;Armenia;mujer;0.1270854;0.33629966;0.36681113
2015;66;Risaralda;Pereira;hombre;0.13687237;0.37873039;0.29121387
2015;66;Risaralda;Pereira;mujer;0.12995459;0.33738482;0.27699003
2015;68;Santander;Bucaramanga;hombre;0.17410529;0.36841783;0.22522712
2015;68;Santander;Bucaramanga;mujer;0.16509554;0.32775411;0.20698468
2015;70;Sucre;Sincelejo;hombre;0.03923833;0.36763144;0.22894493
2015;70;Sucre;Sincelejo;mujer;0.041643374;0.34716013;0.22024341
2015;73;Tolima;Ibague;hombre;0.11715837;0.389346;0.4184432
2015;73;Tolima;Ibague;mujer;0.12251786;0.36300769;0.40136111
2015;76;Valle del Cauca;Cali;hombre;0.15565072;0.37560144;0.49723923
2015;76;Valle del Cauca;Cali;mujer;0.14829384;0.3351315;0.47044849
2016;5;Antioquia;Medellin;hombre;0.13474077;0.28834751;0.30108368
2016;5;Antioquia;Medellin;mujer;0.13438715;0.25639358;0.27977234
2016;8;Atlantico;Barranquilla;hombre;0.10220465;0.21697019;0.29055542
2016;8;Atlantico;Barranquilla;mujer;0.10508617;0.19976211;0.27557978
2016;11;Bogota;Bogota;hombre;0.23320493;0.14986828;0.4286904
2016;11;Bogota;Bogota;mujer;0.22838062;0.12881903;0.39091101
2016;13;Bolivar;Cartagena;hombre;0.063150026;0.24378607;0.18797126
2016;13;Bolivar;Cartagena;mujer;0.066637956;0.22020075;0.17482728
2016;15;Boyaca;Tunja;hombre;0.19812579;0.19539027;0.30826318
2016;15;Boyaca;Tunja;mujer;0.17660162;0.16902532;0.28835934
2016;17;Caldas;Manizales;hombre;0.13165712;0.33622852;0.34002
2016;17;Caldas;Manizales;mujer;0.12399705;0.29079956;0.31375101
2016;18;Caqueta;Florencia;hombre;0.071232915;0.42477748;0.13689373
2016;18;Caqueta;Florencia;mujer;0.067848012;0.39550272;0.13821782
2016;19;Cauca;Popayan;hombre;0.065764785;0.34336835;0.24977626
2016;19;Cauca;Popayan;mujer;0.063256457;0.31290114;0.23136118
2016;20;Cesar;Valledupar;hombre;0.11437986;0.38163579;0.36699122
2016;20;Cesar;Valledupar;mujer;0.11020412;0.36990559;0.34635839
2016;23;Cordoba;Monteria;hombre;0.068611279;0.41611871;0.42439088
2016;23;Cordoba;Monteria;mujer;0.06172419;0.39319173;0.39065138
2016;25;Cundinamarca;Cundinamarca;hombre;0.18486422;0.24883537;0.42583781
2016;25;Cundinamarca;Cundinamarca;mujer;0.1791268;0.21701059;0.40461847
2016;27;Choco;Quibdo;hombre;0.015813116;0.16818401;0.10731272
2016;27;Choco;Quibdo;mujer;0.016069183;0.16303922;0.11306228
2016;41;Huila;Neiva;hombre;0.12968025;0.52824682;0.27976021
2016;41;Huila;Neiva;mujer;0.12493086;0.49816072;0.24898843
2016;44;La Guajira;Riohacha;hombre;0.10180399;0.19697131;0.29085594
2016;44;La Guajira;Riohacha;mujer;0.10079543;0.16473366;0.2645044
2016;47;Magdalena;Santa Marta;hombre;0.056580245;0.28955433;0.30737892
2016;47;Magdalena;Santa Marta;mujer;0.057035439;0.27715787;0.28823927
2016;50;Meta;Villavicencio;hombre;0.13605793;0.53720558;0.40453872
2016;50;Meta;Villavicencio;mujer;0.14101925;0.49738568;0.38740024
2016;52;Nariño;Pasto;hombre;0.10340489;0.33900458;0.24401364
2016;52;Nariño;Pasto;mujer;0.095728643;0.30351502;0.2138
2016;54;Norte de Santander;Cucuta;hombre;0.12408002;0.41169232;0.25467908
2016;54;Norte de Santander;Cucuta;mujer;0.11747158;0.37482762;0.25434306
2016;63;Quindio;Armenia;hombre;0.13504975;0.37909386;0.3449994
2016;63;Quindio;Armenia;mujer;0.13193217;0.35872698;0.31425986
2016;66;Risaralda;Pereira;hombre;0.13534294;0.35472137;0.27036434
2016;66;Risaralda;Pereira;mujer;0.12436619;0.31515923;0.2609525
2016;68;Santander;Bucaramanga;hombre;0.16311458;0.38364604;0.20873405
2016;68;Santander;Bucaramanga;mujer;0.15327647;0.34799197;0.18906291
2016;70;Sucre;Sincelejo;hombre;0.031880945;0.39318135;0.22414449
2016;70;Sucre;Sincelejo;mujer;0.034520157;0.37511054;0.21743256
2016;73;Tolima;Ibague;hombre;0.11395799;0.40321031;0.38599309
2016;73;Tolima;Ibague;mujer;0.11539363;0.38136345;0.37979397
2016;76;Valle del Cauca;Cali;hombre;0.15479703;0.40470216;0.48903891
2016;76;Valle del Cauca;Cali;mujer;0.15446919;0.36470467;0.46025944
2017;5;Antioquia;Medellin;hombre;0.15404794;0.29377878;0.29943711
2017;5;Antioquia;Medellin;mujer;0.14638604;0.25848755;0.28190744
2017;8;Atlantico;Barranquilla;hombre;0.10987882;0.22840446;0.27264893
2017;8;Atlantico;Barranquilla;mujer;0.11372347;0.2055025;0.25767618
2017;11;Bogota;Bogota;hombre;0.23911789;0.14816217;0.43318981
2017;11;Bogota;Bogota;mujer;0.22422232;0.12454955;0.39577368
2017;13;Bolivar;Cartagena;hombre;0.056431569;0.25197557;0.15091148
2017;13;Bolivar;Cartagena;mujer;0.061669439;0.22737542;0.14286198
2017;15;Boyaca;Tunja;hombre;0.19195879;0.22284982;0.28963405
2017;15;Boyaca;Tunja;mujer;0.17899632;0.1931524;0.26429918
2017;17;Caldas;Manizales;hombre;0.12892488;0.33597258;0.30686936
2017;17;Caldas;Manizales;mujer;0.1303342;0.29542094;0.29161534
2017;18;Caqueta;Florencia;hombre;0.058975033;0.45848739;0.12159044
2017;18;Caqueta;Florencia;mujer;0.0540323;0.43123135;0.12216202
2017;19;Cauca;Popayan;hombre;0.07543017;0.37374762;0.22638769
2017;19;Cauca;Popayan;mujer;0.070496395;0.34166834;0.2124013
2017;20;Cesar;Valledupar;hombre;0.099941775;0.41413224;0.35053238
2017;20;Cesar;Valledupar;mujer;0.10239135;0.39926127;0.33181643
2017;23;Cordoba;Monteria;hombre;0.066014864;0.43465972;0.37788281
2017;23;Cordoba;Monteria;mujer;0.065319382;0.40718228;0.36193565
2017;25;Cundinamarca;Cundinamarca;hombre;0.17321692;0.24492982;0.42487147
2017;25;Cundinamarca;Cundinamarca;mujer;0.17372186;0.2167622;0.40012383
2017;27;Choco;Quibdo;hombre;0.014142372;0.14972442;0.11038852
2017;27;Choco;Quibdo;mujer;0.010428231;0.13464113;0.11926133
2017;41;Huila;Neiva;hombre;0.14050075;0.59530407;0.29692581
2017;41;Huila;Neiva;mujer;0.12967595;0.54263765;0.27840382
2017;44;La Guajira;Riohacha;hombre;0.095623016;0.18386842;0.30432257
2017;44;La Guajira;Riohacha;mujer;0.098370291;0.17762925;0.27816862
2017;47;Magdalena;Santa Marta;hombre;0.063247494;0.34268081;0.33241862
2017;47;Magdalena;Santa Marta;mujer;0.058846738;0.31683379;0.31419617
2017;50;Meta;Villavicencio;hombre;0.15321612;0.53796232;0.39749742
2017;50;Meta;Villavicencio;mujer;0.1530395;0.51046777;0.37665325
2017;52;Nariño;Pasto;hombre;0.10583378;0.37750193;0.23430106
2017;52;Nariño;Pasto;mujer;0.10107792;0.33197144;0.2169898
2017;54;Norte de Santander;Cucuta;hombre;0.12258796;0.41827253;0.23660207
2017;54;Norte de Santander;Cucuta;mujer;0.1153835;0.38874111;0.22750419
2017;63;Quindio;Armenia;hombre;0.15571037;0.42143992;0.377022
2017;63;Quindio;Armenia;mujer;0.14604732;0.39939621;0.34423268
2017;66;Risaralda;Pereira;hombre;0.12395621;0.41106468;0.31749335
2017;66;Risaralda;Pereira;mujer;0.12466038;0.3624981;0.30009803
2017;68;Santander;Bucaramanga;hombre;0.1438874;0.3967073;0.19749828
2017;68;Santander;Bucaramanga;mujer;0.14437462;0.35789895;0.18312991
2017;70;Sucre;Sincelejo;hombre;0.041573483;0.44578758;0.23238668
2017;70;Sucre;Sincelejo;mujer;0.046262018;0.40749857;0.21900286
2017;73;Tolima;Ibague;hombre;0.1261501;0.41184044;0.37081882
2017;73;Tolima;Ibague;mujer;0.12045242;0.37970605;0.36772048
2017;76;Valle del Cauca;Cali;hombre;0.17158407;0.42498395;0.46839485
2017;76;Valle del Cauca;Cali;mujer;0.16494533;0.37579331;0.43874493
2018;5;Antioquia;Medellin;hombre;0.14807492;0.30643019;0.27368587
2018;5;Antioquia;Medellin;mujer;0.14254791;0.26959616;0.2599172
2018;8;Atlantico;Barranquilla;hombre;0.11021042;0.22380285;0.26728326
2018;8;Atlantico;Barranquilla;mujer;0.11286179;0.20464805;0.24938618
2018;11;Bogota;Bogota;hombre;0.24614233;0.15279274;0.4536804
2018;11;Bogota;Bogota;mujer;0.24154952;0.12543039;0.41469991
2018;13;Bolivar;Cartagena;hombre;0.054905932;0.23711987;0.15403707
2018;13;Bolivar;Cartagena;mujer;0.059177894;0.21761771;0.14424226
2018;15;Boyaca;Tunja;hombre;0.21267311;0.2414645;0.29463792
2018;15;Boyaca;Tunja;mujer;0.1917555;0.20441747;0.26251531
2018;17;Caldas;Manizales;hombre;0.13678481;0.36055753;0.34965512
2018;17;Caldas;Manizales;mujer;0.13386196;0.31952411;0.31970474
2018;18;Caqueta;Florencia;hombre;0.054143999;0.44909883;0.10395806
2018;18;Caqueta;Florencia;mujer;0.049960949;0.4191899;0.10018814
2018;19;Cauca;Popayan;hombre;0.066914923;0.3558628;0.20296098
2018;19;Cauca;Popayan;mujer;0.06611453;0.32175872;0.19058546
2018;20;Cesar;Valledupar;hombre;0.084112719;0.41344658;0.37239683
2018;20;Cesar;Valledupar;mujer;0.089591503;0.39727062;0.34493387
2018;23;Cordoba;Monteria;hombre;0.053512588;0.42972296;0.38059449
2018;23;Cordoba;Monteria;mujer;0.058058795;0.42382798;0.364887
2018;25;Cundinamarca;Cundinamarca;hombre;0.16030571;0.24430825;0.40187493
2018;25;Cundinamarca;Cundinamarca;mujer;0.15213218;0.21223442;0.37757054
2018;27;Choco;Quibdo;hombre;0.010581754;0.1279244;0.089654781
2018;27;Choco;Quibdo;mujer;0.008775846;0.11826142;0.095116578
2018;41;Huila;Neiva;hombre;0.13071819;0.57544386;0.26191163
2018;41;Huila;Neiva;mujer;0.12773269;0.55347896;0.25288808
2018;44;La Guajira;Riohacha;hombre;0.10514506;0.20369874;0.2524696
2018;44;La Guajira;Riohacha;mujer;0.10550258;0.17822041;0.22443914
2018;47;Magdalena;Santa Marta;hombre;0.062974006;0.33896127;0.31521291
2018;47;Magdalena;Santa Marta;mujer;0.062665746;0.31750017;0.30982974
2018;50;Meta;Villavicencio;hombre;0.15298548;0.5246411;0.3666082
2018;50;Meta;Villavicencio;mujer;0.14652716;0.49822193;0.34559774
2018;52;Nariño;Pasto;hombre;0.097016782;0.3742635;0.19409722
2018;52;Nariño;Pasto;mujer;0.092556871;0.3201848;0.17712791
2018;54;Norte de Santander;Cucuta;hombre;0.11634319;0.39796552;0.23186149
2018;54;Norte de Santander;Cucuta;mujer;0.11113095;0.37134597;0.21497244
2018;63;Quindio;Armenia;hombre;0.15154621;0.40701592;0.39811471
2018;63;Quindio;Armenia;mujer;0.13648506;0.37037814;0.38007388
2018;66;Risaralda;Pereira;hombre;0.13222343;0.40985623;0.31513816
2018;66;Risaralda;Pereira;mujer;0.13597949;0.36045212;0.30512959
2018;68;Santander;Bucaramanga;hombre;0.16399132;0.38804537;0.20284648
2018;68;Santander;Bucaramanga;mujer;0.16299491;0.35682201;0.19091411
2018;70;Sucre;Sincelejo;hombre;0.041716758;0.43610901;0.24552591
2018;70;Sucre;Sincelejo;mujer;0.044901259;0.39749199;0.21663396
2018;73;Tolima;Ibague;hombre;0.11197454;0.40294501;0.36022282
2018;73;Tolima;Ibague;mujer;0.10550239;0.37202927;0.33268833
2018;76;Valle del Cauca;Cali;hombre;0.17448756;0.41854858;0.45698938
2018;76;Valle del Cauca;Cali;mujer;0.16962089;0.3859275;0.43032944
2019;5;Antioquia;Medellin;hombre;0.14273016;0.28939596;0.24027108
2019;5;Antioquia;Medellin;mujer;0.14119057;0.25157398;0.21891019
2019;8;Atlantico;Barranquilla;hombre;0.11061288;0.21046717;0.23339385
2019;8;Atlantico;Barranquilla;mujer;0.11581697;0.18389219;0.21443607
2019;11;Bogota;Bogota;hombre;0.25023648;0.15578043;0.43378118
2019;11;Bogota;Bogota;mujer;0.23691179;0.12989007;0.39346272
2019;13;Bolivar;Cartagena;hombre;0.051172778;0.23763208;0.1547711
2019;13;Bolivar;Cartagena;mujer;0.05333548;0.21616976;0.14211275
2019;15;Boyaca;Tunja;hombre;0.1976584;0.21076284;0.25046024
2019;15;Boyaca;Tunja;mujer;0.17523496;0.17830631;0.23035358
2019;17;Caldas;Manizales;hombre;0.13522261;0.35412252;0.2845493
2019;17;Caldas;Manizales;mujer;0.13400653;0.31465876;0.25040415
2019;18;Caqueta;Florencia;hombre;0.061150655;0.51992023;0.14712952
2019;18;Caqueta;Florencia;mujer;0.055120394;0.50070834;0.13579042
2019;19;Cauca;Popayan;hombre;0.064594865;0.39615622;0.20192318
2019;19;Cauca;Popayan;mujer;0.060364388;0.33802381;0.18331017
2019;20;Cesar;Valledupar;hombre;0.088508002;0.4057166;0.35966966
2019;20;Cesar;Valledupar;mujer;0.093073823;0.39010862;0.34628648
2019;23;Cordoba;Monteria;hombre;0.056629781;0.48523241;0.40903455
2019;23;Cordoba;Monteria;mujer;0.060647752;0.46589363;0.38788906
2019;25;Cundinamarca;Cundinamarca;hombre;0.16342874;0.2725057;0.42317787
2019;25;Cundinamarca;Cundinamarca;mujer;0.15213378;0.23763491;0.39134201
2019;27;Choco;Quibdo;hombre;0.009409673;0.13545033;0.079853766
2019;27;Choco;Quibdo;mujer;0.008463395;0.12851147;0.084951334
2019;41;Huila;Neiva;hombre;0.13292825;0.57757878;0.3028408
2019;41;Huila;Neiva;mujer;0.12806629;0.55108643;0.29412323
2019;44;La Guajira;Riohacha;hombre;0.079782225;0.1911038;0.26011181
2019;44;La Guajira;Riohacha;mujer;0.079790048;0.17812839;0.22766028
2019;47;Magdalena;Santa Marta;hombre;0.058272947;0.33173338;0.31065145
2019;47;Magdalena;Santa Marta;mujer;0.061104029;0.31598282;0.28540856
2019;50;Meta;Villavicencio;hombre;0.14835636;0.5307948;0.37996376
2019;50;Meta;Villavicencio;mujer;0.14688595;0.50473738;0.36582375
2019;52;Nariño;Pasto;hombre;0.11388535;0.40029666;0.23381984
2019;52;Nariño;Pasto;mujer;0.10768527;0.34328273;0.21535465
2019;54;Norte de Santander;Cucuta;hombre;0.10959893;0.35489458;0.20394337
2019;54;Norte de Santander;Cucuta;mujer;0.1060361;0.32918495;0.19453171
2019;63;Quindio;Armenia;hombre;0.15977491;0.41917592;0.3602787
2019;63;Quindio;Armenia;mujer;0.14922148;0.38468346;0.33209771
2019;66;Risaralda;Pereira;hombre;0.12541102;0.40590727;0.31015062
2019;66;Risaralda;Pereira;mujer;0.11844505;0.35918936;0.28199163
2019;68;Santander;Bucaramanga;hombre;0.15490033;0.36192882;0.17933375
2019;68;Santander;Bucaramanga;mujer;0.1444342;0.32733542;0.16911331
2019;70;Sucre;Sincelejo;hombre;0.03826683;0.44795379;0.2255747
2019;70;Sucre;Sincelejo;mujer;0.040496901;0.41622603;0.20296758
2019;73;Tolima;Ibague;hombre;0.12310318;0.4315609;0.33757785
2019;73;Tolima;Ibague;mujer;0.11442474;0.39418659;0.30655235
2019;76;Valle del Cauca;Cali;hombre;0.1757995;0.42653501;0.45500886
2019;76;Valle del Cauca;Cali;mujer;0.16951774;0.38138506;0.41489545
