p6020;dpto;ao;pt_dpto;pet_dpto;pea_dpto;pei_dpto;empleados_dpto;desempleados_dpto;pt_gen_dpto;pet_gen_dpto;pea_gen_dpto;pei_gen_dpto;empleados_gen_dpto;desempleados_gen_dpto;nom_dep
mujer;5;2013;70546200;56557176;36738196;20496576;33133890;3604303.5;36222292;29292558;15860261;13754192;13868294;1991967.1;ANTIOQUIA
hombre;5;2015;71662512;57911524;36731584;21785098;33159006;3572575.5;34901612;27781070;20966908;7187485;19303536;1663371.8;ANTIOQUIA
mujer;5;2016;70799800;57476396;36207112;21818226;32647798;3559316;36570772;30022736;15518650;14778605;13489801;2028849.6;ANTIOQUIA
mujer;5;2014;69361648;55842808;35926736;20554252;32527784;3398950;35484880;29021160;15495399;13749340;13659347;1836052;ANTIOQUIA
hombre;5;2014;69361648;55842808;35926736;20554252;32527784;3398950;33876768;26821650;20431336;6804911;18868438;1562898;ANTIOQUIA
hombre;5;2016;70799800;57476396;36207112;21818226;32647798;3559316;34229028;27453658;20688464;7039620;19157996;1530466.5;ANTIOQUIA
hombre;5;2017;70016336;56853456;36501000;20925510;32738380;3762621.8;33884088;27051342;20621924;6798970.5;18982080;1639843.4;ANTIOQUIA
hombre;5;2018;70569288;57722140;36519640;21650046;32459380;4060261.3;34288448;27713378;20899234;7054273;19046604;1852629.9;ANTIOQUIA
mujer;5;2011;68830568;54777356;34189128;21145334;30530540;3658588.8;35354012;28474746;14417058;14306344;12414995;2002062.3;ANTIOQUIA
hombre;5;2012;69367392;55495416;35851676;18989238;31952890;3898784.8;34012220;26860384;20446620;6274514.5;18771298;1675321.4;ANTIOQUIA
mujer;5;2017;70016336;56853456;36501000;20925510;32738380;3762621.8;36132248;29802112;15879078;14126540;13756299;2122778.5;ANTIOQUIA
hombre;5;2019;72491832;59065220;37213432;22360498;32977402;4236028;35157180;28303072;21351134;7211455.5;19460086;1891049.1;ANTIOQUIA
mujer;5;2019;72491832;59065220;37213432;22360498;32977402;4236028;37334652;30762146;15862296;15149042;13517317;2344979;ANTIOQUIA
mujer;5;2012;69367392;55495416;35851676;18989238;31952890;3898784.8;35355168;28635032;15405056;12714724;13181592;2223463.5;ANTIOQUIA
mujer;5;2018;70569288;57722140;36519640;21650046;32459380;4060261.3;36280836;30008762;15620408;14595774;13412777;2207631.3;ANTIOQUIA
hombre;5;2011;68830568;54777356;34189128;21145334;30530540;3658588.8;33476560;26302612;19772070;6838991;18115544;1656526.5;ANTIOQUIA
mujer;5;2015;71662512;57911524;36731584;21785098;33159006;3572575.5;36760904;30130452;15764674;14597614;13855470;1909203.8;ANTIOQUIA
hombre;5;2013;70546200;56557176;36738196;20496576;33133890;3604303.5;34323904;27264616;20877934;6742384.5;19265598;1612336.5;ANTIOQUIA
mujer;8;2015;30317882;23889968;15028690;9017723;13838767;1189923.3;15280714;12154445;6368474.5;5852434.5;5623199.5;745275.19;ATLANTICO
mujer;8;2012;29243412;22843584;13562794;8648246;12495829;1066964.9;14847106;11700700;5556804;5701944.5;4906239.5;650564.25;ATLANTICO
mujer;8;2016;30876960;24372586;15405771;9088116;14249632;1156138.8;15492555;12368419;6595203;5835029.5;5889198.5;706004.44;ATLANTICO
mujer;8;2014;30254356;23671624;14364270;9439550;13293395;1070875.1;15293157;12031133;5866329;6234647.5;5228932;637396.88;ATLANTICO
hombre;8;2018;31463312;25092360;15741574;9497867;14557604;1183970;15522608;12293353;9090987;3288662.3;8637075;453912.75;ATLANTICO
mujer;8;2018;31463312;25092360;15741574;9497867;14557604;1183970;15940704;12799006;6650586.5;6209205;5920529.5;730057.25;ATLANTICO
hombre;8;2017;31204750;24695540;15400557;9404148;14287984;1112573.5;15423705;12125532;8889301;3301661.8;8484103;405198.34;ATLANTICO
hombre;8;2016;30876960;24372586;15405771;9088116;14249632;1156138.8;15384405;12004166;8810568;3253086;8360434;450134.34;ATLANTICO
hombre;8;2013;29605256;23160334;13851003;9495350;12837899;1013104.2;14673243;11343785;8139838;3311075.5;7741710.5;398127.72;ATLANTICO
hombre;8;2019;31865530;25436578;15919688;9666000;14802002;1117686.6;15722259;12418671;9128609;3371643.3;8689497;439111.78;ATLANTICO
hombre;8;2014;30254356;23671624;14364270;9439550;13293395;1070875.1;14961200;11640491;8497941;3204902.8;8064462.5;433478.25;ATLANTICO
mujer;8;2019;31865530;25436578;15919688;9666000;14802002;1117686.6;16143271;13017907;6791079.5;6294356.5;6112504.5;678574.81;ATLANTICO
mujer;8;2017;31204750;24695540;15400557;9404148;14287984;1112573.5;15781045;12570007;6511256;6102486;5803880.5;707375.19;ATLANTICO
hombre;8;2015;30317882;23889968;15028690;9017723;13838767;1189923.3;15037167;11735522;8660216;3165288.8;8215567.5;444648;ATLANTICO
mujer;8;2013;29605256;23160334;13851003;9495350;12837899;1013104.2;14932012;11816550;5711165;6184274.5;5096188.5;614976.5;ATLANTICO
hombre;8;2012;29243412;22843584;13562794;8648246;12495829;1066964.9;14396305;11142883;8005990;2946301.5;7589589;416400.63;ATLANTICO
hombre;8;2011;29137660;22666674;13361657;9447054;12319551;1042105.6;14438244;11118719;8016847.5;3168278.8;7585333;431514.78;ATLANTICO
mujer;8;2011;29137660;22666674;13361657;9447054;12319551;1042105.6;14699416;11547955;5344809.5;6278775;4734218.5;610590.81;ATLANTICO
hombre;11;2016;95578912;78285176;55390332;22895614;50247240;5143092;46242648;37369468;28971520;8398721;26504868;2466651;BOGOTA
hombre;11;2017;96790848;79441032;55321964;24119070;49508892;5813069.5;46855068;37952336;29139546;8812791;26293944;2845603;BOGOTA
hombre;11;2012;90695952;73492712;53000772;18862650;47944016;5056756.5;43762944;34953524;27611258;6702137;25402406;2208852;BOGOTA
hombre;11;2013;91954656;74735128;53779416;20959124;48925488;4853929;44402224;35579584;27784292;7798035.5;25677096;2107197;BOGOTA
hombre;11;2019;99185504;81742928;56395268;25348502;50246860;6148408;48072584;39110008;29672078;9437930;26804238;2867838.8;BOGOTA
mujer;11;2012;90695952;73492712;53000772;18862650;47944016;5056756.5;46933008;38539188;25389512;12160512;22541608;2847904.3;BOGOTA
mujer;11;2013;91954656;74735128;53779416;20959124;48925488;4853929;47552428;39155544;25995122;13161089;23248390;2746732;BOGOTA
mujer;11;2019;99185504;81742928;56395268;25348502;50246860;6148408;51112916;42632924;26723192;15910571;23442622;3280569;BOGOTA
mujer;11;2011;89471800;72255336;51256496;21000660;46374732;4881764;46334544;37926076;24818886;13109009;22012956;2805930.5;BOGOTA
hombre;11;2014;93169136;75934208;55032252;20903176;50256176;4776074.5;45022928;36187940;28562100;7627061;26519126;2042973.9;BOGOTA
hombre;11;2011;89471800;72255336;51256496;21000660;46374732;4881764;43137256;34329260;26437608;7891650;24361774;2075833.6;BOGOTA
mujer;11;2014;93169136;75934208;55032252;20903176;50256176;4776074.5;48146212;39746264;26470150;13276114;23737050;2733100.5;BOGOTA
mujer;11;2017;96790848;79441032;55321964;24119070;49508892;5813069.5;49935780;41488696;26182416;15306280;23214950;2967466.5;BOGOTA
mujer;11;2018;98033880;80623920;55727944;24900498;49882376;5845565;50545096;42074760;26249822;15829459;23220040;3029781.3;BOGOTA
hombre;11;2015;94362728;77116072;55237892;21878178;50411540;4826353.5;45623188;36782140;28809298;7972840.5;26671550;2137749.3;BOGOTA
mujer;11;2015;94362728;77116072;55237892;21878178;50411540;4826353.5;48739540;40333932;26428594;13905337;23739990;2688604.3;BOGOTA
hombre;11;2018;98033880;80623920;55727944;24900498;49882376;5845565;47488784;38549160;29478122;9071039;26662338;2815783.8;BOGOTA
mujer;11;2016;95578912;78285176;55390332;22895614;50247240;5143092;49336264;40915704;26418812;14496893;23742372;2676441;BOGOTA
hombre;13;2019;26907682;20789260;12554074;8528207;11934712;619361.81;13525863;10432414;7666332;2916280.8;7405634;260698.19;BOLIVAR
hombre;13;2017;26293244;20105674;12027541;8400544;11303882;723658.5;13230058;10059188;7281645;2966879;6988878.5;292766.5;BOLIVAR
hombre;13;2014;25309134;19195310;11510059;8007880;10768344;741714.75;12655740;9576509;7011330.5;2719107.3;6721960.5;289370.19;BOLIVAR
mujer;13;2019;26907682;20789260;12554074;8528207;11934712;619361.81;13381819;10356845;4887741.5;5611926.5;4529078;358663.59;BOLIVAR
hombre;13;2015;25549416;19539886;11829181;7979593.5;11027572;801608.81;12918521;9854732;7240195;2744487.3;6910377.5;329817.06;BOLIVAR
mujer;13;2012;24735228;18590434;11344639;7014590;10481347;863292.31;12338080;9363599;4436455.5;4657144.5;3913672;522783.66;BOLIVAR
hombre;13;2016;25755422;19798652;11829515;8282253.5;11043525;785989.88;12913310;9935675;7350588.5;2727480.3;7036680.5;313908.06;BOLIVAR
mujer;13;2013;25015328;18968456;11332882;7886382.5;10485691;847190.81;12493512;9522896;4383100.5;5270685.5;3855142.8;527957.88;BOLIVAR
hombre;13;2013;25015328;18968456;11332882;7886382.5;10485691;847190.81;12521816;9445560;6949781.5;2615697;6630549;319232.97;BOLIVAR
mujer;13;2017;26293244;20105674;12027541;8400544;11303882;723658.5;13063187;10046486;4745896;5433665.5;4315004;430892;BOLIVAR
mujer;13;2014;25309134;19195310;11510059;8007880;10768344;741714.75;12653393;9618800;4498728.5;5288772.5;4046384;452344.56;BOLIVAR
mujer;13;2011;24455152;18447444;10735106;8037789;9893091;842015;12153189;9240271;3957952.8;5431618;3451221;506731.81;BOLIVAR
hombre;13;2018;26645354;20392240;12278127;8429876;11576034;702092.81;13384786;10123121;7448991;2876913;7201275.5;247715.42;BOLIVAR
hombre;13;2012;24735228;18590434;11344639;7014590;10481347;863292.31;12397149;9226834;6908183.5;2357445.3;6567675;340508.66;BOLIVAR
mujer;13;2015;25549416;19539886;11829181;7979593.5;11027572;801608.81;12630895;9685154;4588986;5235106;4117194;471791.75;BOLIVAR
mujer;13;2016;25755422;19798652;11829515;8282253.5;11043525;785989.88;12842112;9862977;4478926.5;5554773;4006844.5;472081.84;BOLIVAR
mujer;13;2018;26645354;20392240;12278127;8429876;11576034;702092.81;13260568;10269119;4829136;5552962.5;4374758.5;454377.41;BOLIVAR
hombre;13;2011;24455152;18447444;10735106;8037789;9893091;842015;12301963;9207173;6777153;2606170.8;6441869.5;335283.22;BOLIVAR
hombre;15;2019;17373068;13754520;7933732.5;6063980;7242762.5;690970.06;8500787;6636554.5;4529318.5;2227492.8;4232414;296904.28;BOYACA
mujer;15;2019;17373068;13754520;7933732.5;6063980;7242762.5;690970.06;8872280;7117966;3404414;3836487.3;3010348.3;394065.81;BOYACA
mujer;15;2016;17115394;13446403;8294095.5;5457567;7700047.5;594047.81;8724679;6900614.5;3572144.3;3470533;3261896;310248.34;BOYACA
mujer;15;2012;15863400;12284898;7405465;4913456;6849520.5;555944.44;8128572.5;6424543.5;3237608.3;3167381.8;2947312;290296.31;BOYACA
hombre;15;2018;17251274;13589994;8364160.5;5428679;7762825.5;601335.06;8414037;6550983.5;4684246;1997643.6;4445645;238600.97;BOYACA
mujer;15;2014;16676486;13025405;8053860;5215447.5;7445677;608182.94;8498710;6753045.5;3510928;3355858.8;3182358.8;328569.28;BOYACA
mujer;15;2013;16490611;12905730;7813185.5;5383052.5;7129393;683792.38;8378935;6622182.5;3307714.5;3464199.3;2989668.8;318045.75;BOYACA
hombre;15;2013;16490611;12905730;7813185.5;5383052.5;7129393;683792.38;8111676.5;6283547;4505471;1918853.4;4139724.5;365746.66;BOYACA
mujer;15;2011;15731810;12096015;7276601.5;5055476;6678225.5;598376;8069572.5;6319533.5;3140767;3273913.8;2818711.5;322055.38;BOYACA
mujer;15;2017;17489404;13742910;8407942;5578334;7770659;637283.5;8768040;6951151;3642199.3;3416805.5;3306049.8;336149.53;BOYACA
mujer;15;2018;17251274;13589994;8364160.5;5428679;7762825.5;601335.06;8837238;7039010;3679914.8;3431035.3;3317180.8;362734.06;BOYACA
hombre;15;2014;16676486;13025405;8053860;5215447.5;7445677;608182.94;8177776;6272359.5;4542932;1859588.8;4263318.5;279613.66;BOYACA
hombre;15;2015;16881696;13246998;8594421;4954965;8079510.5;514910.41;8400619;6522294;4899518;1801267;4652757.5;246760.84;BOYACA
hombre;15;2011;15731810;12096015;7276601.5;5055476;6678225.5;598376;7662237.5;5776481;4135834.8;1781562.4;3859514.3;276320.59;BOYACA
hombre;15;2016;17115394;13446403;8294095.5;5457567;7700047.5;594047.81;8390714;6545788.5;4721951.5;1987033.9;4438152;283799.47;BOYACA
hombre;15;2017;17489404;13742910;8407942;5578334;7770659;637283.5;8721363;6791759;4765743;2161528.3;4464609;301133.94;BOYACA
hombre;15;2012;15863400;12284898;7405465;4913456;6849520.5;555944.44;7734827.5;5860355;4167856.8;1746074.1;3902208.5;265648.09;BOYACA
mujer;15;2015;16881696;13246998;8594421;4954965;8079510.5;514910.41;8481078;6724703.5;3694902.8;3153698;3426753.3;268149.56;BOYACA
mujer;17;2019;12985703;10588155;6120168;4605817;5456331.5;663836.44;6575304.5;5463543;2377694.8;3140052;2043009.6;334685.09;CALDAS
mujer;17;2017;13250715;10555055;5996083.5;4707896.5;5408043.5;588039.75;6746846.5;5451378;2295349.3;3233716.3;1978823.3;316525.97;CALDAS
mujer;17;2015;12611629;10215104;5844324.5;4490980.5;5323770;520554.47;6352637.5;5185344.5;2149426.5;3092775.3;1888709.4;260717.2;CALDAS
hombre;17;2018;13269224;10726115;6257382.5;4608994;5622342.5;635040.13;6426081.5;5130920;3745678.8;1467895.3;3481958;263720.72;CALDAS
mujer;17;2018;13269224;10726115;6257382.5;4608994;5622342.5;635040.13;6843142.5;5595195;2511704;3141099;2140384.8;371319.41;CALDAS
hombre;17;2014;12444665;10005933;5533513.5;4618777.5;5033071;500442.41;6012406;4755357;3375905.5;1462116.1;3137039.5;238865.98;CALDAS
hombre;17;2015;12611629;10215104;5844324.5;4490980.5;5323770;520554.47;6258992;5029759.5;3694897.8;1398205.3;3435060.5;259837.25;CALDAS
hombre;17;2012;12493857;10042691;5403456.5;4560781;4848899.5;554556.88;6104617;4844440.5;3349357.5;1513259.4;3043386;305971.41;CALDAS
hombre;17;2011;12402591;9902717;5293574.5;4777692.5;4665153.5;628421.06;6090250;4770913.5;3362292;1487153.8;3023665;338627.06;CALDAS
mujer;17;2016;12763795;10297225;5825107;4591583;5248305;576802.44;6472694.5;5290750;2146234.3;3192222.5;1888373.1;257861.03;CALDAS
hombre;17;2017;13250715;10555055;5996083.5;4707896.5;5408043.5;588039.75;6503868.5;5103676.5;3700734.3;1474180.5;3429220.5;271513.78;CALDAS
hombre;17;2013;12405147;10039879;5357552;4816855;4851113;506439.03;6009661.5;4792772;3317386.8;1552023.6;3080111.5;237275.17;CALDAS
mujer;17;2012;12493857;10042691;5403456.5;4560781;4848899.5;554556.88;6389240.5;5198250;2054099.1;3047522;1805513.8;248585.47;CALDAS
mujer;17;2011;12402591;9902717;5293574.5;4777692.5;4665153.5;628421.06;6312341;5131803;1931282.6;3290538.5;1641488.6;289793.97;CALDAS
mujer;17;2013;12405147;10039879;5357552;4816855;4851113;506439.03;6395485;5247107;2040165.4;3264831.5;1771001.5;269163.84;CALDAS
hombre;17;2019;12985703;10588155;6120168;4605817;5456331.5;663836.44;6410398.5;5124611.5;3742473;1465764.6;3413321.8;329151.34;CALDAS
hombre;17;2016;12763795;10297225;5825107;4591583;5248305;576802.44;6291100.5;5006475;3678873;1399360.4;3359931.5;318941.41;CALDAS
mujer;17;2014;12444665;10005933;5533513.5;4618777.5;5033071;500442.41;6432259;5250575.5;2157607.8;3156661.5;1896031.3;261576.42;CALDAS
hombre;18;2014;7241645;5182805.5;2832887.3;2517342.3;2629045.3;203842.02;3598844;2545177;1901345;736153.81;1807293.5;94051.563;CAQUETA
mujer;18;2017;7793825.5;5578670;3340130.3;2399635.5;3084002.3;256127.84;3897445;2816076.5;1205101.4;1680465.3;1065463.1;139638.23;CAQUETA
hombre;18;2012;7059556.5;5012796.5;2689631.3;2330006.5;2437240.8;252390.63;3533340.3;2438181.3;1806134.9;682315.38;1682977;123157.89;CAQUETA
mujer;18;2014;7241645;5182805.5;2832887.3;2517342.3;2629045.3;203842.02;3642801;2637628.8;931542.19;1781188.4;821751.75;109790.45;CAQUETA
hombre;18;2019;7980007;5879605.5;3426117;2593188.5;3065579.3;360537.63;3960715.8;2926053.3;2182374.3;825120.19;2011126.6;171247.67;CAQUETA
mujer;18;2019;7980007;5879605.5;3426117;2593188.5;3065579.3;360537.63;4019291.3;2953552.3;1243742.8;1768068.3;1054452.8;189289.94;CAQUETA
mujer;18;2018;8221873.5;5891951.5;3491303.3;2543247.3;3210239.3;281063.88;4125340.8;2973070;1232490.4;1801322.6;1080020.6;152469.72;CAQUETA
hombre;18;2018;8221873.5;5891951.5;3491303.3;2543247.3;3210239.3;281063.88;4096533;2918881.5;2258812.8;741924.69;2130218.8;128594.16;CAQUETA
hombre;18;2013;7051224;5052100;2620828.5;2562480.5;2417658;203170.31;3564938.5;2504751;1827134.8;766523.31;1718594.5;108540.32;CAQUETA
mujer;18;2012;7059556.5;5012796.5;2689631.3;2330006.5;2437240.8;252390.63;3526216.5;2574615.3;883496.38;1647691.1;754263.63;129232.74;CAQUETA
hombre;18;2017;7793825.5;5578670;3340130.3;2399635.5;3084002.3;256127.84;3896380.8;2762593.8;2135028.8;719170.25;2018539.3;116489.6;CAQUETA
mujer;18;2015;7411716;5285147.5;2966609.8;2482531.3;2733320.5;233289.2;3709702;2704969.3;1020486.3;1748412.4;900519.56;119966.69;CAQUETA
hombre;18;2016;7776005;5594861.5;3422875;2309632.3;3165386.5;257488.53;3924557.8;2806414.5;2178060.3;706430.44;2063879.5;114180.69;CAQUETA
mujer;18;2016;7776005;5594861.5;3422875;2309632.3;3165386.5;257488.53;3851447.5;2788447.3;1244814.9;1603201.9;1101507;143307.84;CAQUETA
hombre;18;2015;7411716;5285147.5;2966609.8;2482531.3;2733320.5;233289.2;3702014;2580178.5;1946123.5;734118.81;1832801;113322.52;CAQUETA
hombre;18;2011;6914676.5;4918952;2663736.5;2405727.5;2407618.8;256117.86;3524687.5;2458185.8;1834663.3;710463.13;1703449.4;131213.86;CAQUETA
mujer;18;2011;6914676.5;4918952;2663736.5;2405727.5;2407618.8;256117.86;3389989;2460766.5;829073.25;1695264.4;704169.25;124904;CAQUETA
mujer;18;2013;7051224;5052100;2620828.5;2562480.5;2417658;203170.31;3486285.3;2547349;793693.63;1795957.1;699063.69;94629.992;CAQUETA
mujer;19;2013;16461299;12893022;7646661;5593082.5;6731598.5;915062.5;8255919;6465446;2965248;3666499.5;2423974.5;541273.69;CAUCA
mujer;19;2017;17574852;13944343;8775170;5519289;8013630.5;761539.19;8763285;6993682;3537873.5;3609993.8;3037881.5;499992;CAUCA
mujer;19;2012;16734186;12996035;7578489.5;5510020.5;6677654.5;900835.19;8311882;6508806;2881503.8;3632350.8;2358532;522971.72;CAUCA
mujer;19;2019;17572638;13972497;8481929;5813061;7568810.5;913118.31;8776630;7068630.5;3369438.8;3839001.8;2831587;537851.81;CAUCA
mujer;19;2018;17768776;14069090;8931452;5523466.5;8104863;826589.38;8814800;7086154;3544111.8;3703289.5;2989366.8;554745;CAUCA
hombre;19;2019;17572638;13972497;8481929;5813061;7568810.5;913118.31;8796009;6903867;5112490;1974059;4737223.5;375266.53;CAUCA
hombre;19;2015;16710492;13101216;8133268.5;5299765;7282460;850808.56;8444942;6553065.5;4923197;1804516.8;4628019.5;295177.31;CAUCA
mujer;19;2015;16710492;13101216;8133268.5;5299765;7282460;850808.56;8265550.5;6548150.5;3210071.5;3495248.3;2654440.3;555631.19;CAUCA
hombre;19;2018;17768776;14069090;8931452;5523466.5;8104863;826589.38;8953976;6982936;5387340.5;1820176.8;5115496;271844.38;CAUCA
mujer;19;2014;16972790;13358813;8123342.5;5563106.5;7226270;897072.31;8402605;6656607;3171621.3;3635186;2596647.5;574973.63;CAUCA
hombre;19;2012;16734186;12996035;7578489.5;5510020.5;6677654.5;900835.19;8422304;6487229;4696986;1877669.5;4319122.5;377863.5;CAUCA
hombre;19;2011;16368338;12613601;7390749;5610179.5;6468948;921801.06;8129256;6258924.5;4636535.5;1822680.3;4264928;371607.63;CAUCA
mujer;19;2011;16368338;12613601;7390749;5610179.5;6468948;921801.06;8239082.5;6354676;2754213.3;3787499.3;2204020;550193.44;CAUCA
hombre;19;2013;16461299;12893022;7646661;5593082.5;6731598.5;915062.5;8205380;6427575.5;4681413;1926582.9;4307624;373788.81;CAUCA
hombre;19;2016;17240906;13633641;8504842;5454306.5;7783341;721500.94;8611897;6790147.5;5012974.5;1966106.8;4741676;271298.66;CAUCA
hombre;19;2017;17574852;13944343;8775170;5519289;8013630.5;761539.19;8811566;6950661;5237296.5;1909295.1;4975749;261547.2;CAUCA
hombre;19;2014;16972790;13358813;8123342.5;5563106.5;7226270;897072.31;8570185;6702206;4951721;1927920.4;4629622.5;322098.72;CAUCA
mujer;19;2016;17240906;13633641;8504842;5454306.5;7783341;721500.94;8629008;6843493.5;3491867.3;3488199.8;3041664.8;450202.28;CAUCA
hombre;20;2018;14503090;10860284;6120422;4957286;5465253;655169.38;7288837;5403004;3823338.5;1707033;3551310.5;272028.06;CESAR
mujer;20;2019;14830110;10999011;6374492.5;4845594.5;5570313;804179.31;7417781;5567064;2479979.5;3181290;2008714.3;471265.41;CESAR
hombre;20;2012;13004401;9320789;5533335.5;3934099;5043497;489838.59;6503067.5;4633216;3456887.5;1274435.1;3227091.3;229796.23;CESAR
hombre;20;2013;13093636;9519903;5449474.5;4284294;5027624.5;421849.94;6559863.5;4781211.5;3464762.3;1439028;3282836.5;181925.8;CESAR
hombre;20;2019;14830110;10999011;6374492.5;4845594.5;5570313;804179.31;7412328.5;5431947;3894513;1664304.8;3561599;332913.91;CESAR
mujer;20;2011;12758655;9193020;5338415;4057719;4829369;509045.91;6434662.5;4640004;1892744;2855453.5;1612133.8;280610.31;CESAR
hombre;20;2015;13957853;10110041;5755353.5;4625454.5;5268442.5;486910.75;6997716.5;5029159.5;3557373.3;1606713.3;3367235.8;190137.44;CESAR
mujer;20;2018;14503090;10860284;6120422;4957286;5465253;655169.38;7214253.5;5457279.5;2297083.8;3250253.3;1913942.5;383141.28;CESAR
hombre;20;2011;12758655;9193020;5338415;4057719;4829369;509045.91;6323992;4553016;3445671;1202265.6;3217235.5;228435.59;CESAR
mujer;20;2017;14255206;10575686;6406992.5;4373964.5;5708506.5;698486;7094614;5296277;2558831.5;2848870.8;2140253.3;418578.19;CESAR
mujer;20;2016;14123338;10397108;5947699;4662058;5297671;650028.44;6956199;5194843.5;2222888.8;3054489.8;1858239.8;364648.91;CESAR
hombre;20;2014;13484233;9947151;5627257;4574245.5;5118138;509119;6801625.5;5022924;3559703.8;1589692.5;3312665.3;247038.39;CESAR
mujer;20;2014;13484233;9947151;5627257;4574245.5;5118138;509119;6682608;4924226.5;2067553.5;2984553.3;1805472.9;262080.59;CESAR
mujer;20;2013;13093636;9519903;5449474.5;4284294;5027624.5;421849.94;6533772;4738691;1984712;2845265.8;1744787.9;239924.13;CESAR
mujer;20;2012;13004401;9320789;5533335.5;3934099;5043497;489838.59;6501334;4687573.5;2076448.1;2659664;1816405.8;260042.36;CESAR
mujer;20;2015;13957853;10110041;5755353.5;4625454.5;5268442.5;486910.75;6960136;5080882;2197980.3;3018741;1901206.9;296773.31;CESAR
hombre;20;2016;14123338;10397108;5947699;4662058;5297671;650028.44;7167139.5;5202264.5;3724810.5;1607568.1;3439431;285379.56;CESAR
hombre;20;2017;14255206;10575686;6406992.5;4373964.5;5708506.5;698486;7160592;5279409;3848161.3;1525093.8;3568253.5;279907.84;CESAR
mujer;23;2014;17576532;13416970;8227811.5;5486871.5;7631940;595871.44;8825532;6867783.5;3213937;3790496;2893754.5;320182.31;CORDOBA
mujer;23;2016;18210742;14061287;8612186;5770848.5;7710876.5;901309.31;9283605;7177088.5;3567316.3;3753422.3;3022288.3;545028.19;CORDOBA
mujer;23;2015;17927724;13807627;8922238;5191098.5;8342552.5;579685.75;9150342;7100117;3548068.5;3670805.8;3183261;364807.53;CORDOBA
mujer;23;2011;17618976;13038303;8835595;4487075;7653273;1182322;8660875;6496412;3562480.3;3061447.8;2960942.5;601537.94;CORDOBA
mujer;23;2019;18548756;14498936;8937353;5828592;7863212.5;1074140.9;9303173;7367408.5;3765828.8;3723884;3169262.8;596566;CORDOBA
mujer;23;2013;17935742;13520656;8388148.5;5507515;7662040.5;726108.25;9075609;6950050.5;3332469.3;3771977.5;2934038.3;398430.81;CORDOBA
hombre;23;2017;18369368;14146887;9039607;5436832;8146765;892841.69;8960626;6864811.5;5217836.5;1811445.5;4899071.5;318765.25;CORDOBA
hombre;23;2014;17576532;13416970;8227811.5;5486871.5;7631940;595871.44;8751000;6549186.5;5013875;1696375.6;4738185.5;275689.13;CORDOBA
hombre;23;2015;17927724;13807627;8922238;5191098.5;8342552.5;579685.75;8777382;6707509.5;5374170;1520292.6;5159291.5;214878.22;CORDOBA
mujer;23;2018;18582972;14411300;9018849;5664255.5;8193601;825247.63;9393516;7308587;3698049.3;3738887;3245645.5;452403.88;CORDOBA
hombre;23;2019;18548756;14498936;8937353;5828592;7863212.5;1074140.9;9245582;7131527.5;5171524.5;2104708;4693949.5;477574.84;CORDOBA
hombre;23;2018;18582972;14411300;9018849;5664255.5;8193601;825247.63;9189455;7102713;5320799.5;1925368.4;4947955.5;372843.75;CORDOBA
mujer;23;2012;17731842;13361919;8705584;4876430.5;7650947;1054637.1;8862770;6746869;3511564.8;3318446.8;2933631.3;577933.63;CORDOBA
hombre;23;2016;18210742;14061287;8612186;5770848.5;7710876.5;901309.31;8927136;6884198.5;5044869;2017426.3;4688588;356281.13;CORDOBA
mujer;23;2017;18369368;14146887;9039607;5436832;8146765;892841.69;9408743;7282075.5;3821770;3625386.5;3247693.5;574076.44;CORDOBA
hombre;23;2013;17935742;13520656;8388148.5;5507515;7662040.5;726108.25;8860134;6570605;5055679.5;1735537.4;4728002;327677.44;CORDOBA
hombre;23;2011;17618976;13038303;8835595;4487075;7653273;1182322;8958101;6541890.5;5273115;1425627.4;4692331;580784;CORDOBA
hombre;23;2012;17731842;13361919;8705584;4876430.5;7650947;1054637.1;8869073;6615050;5194019.5;1557984;4717316;476703.5;CORDOBA
mujer;25;2017;26284690;20939660;14873460;6407139;13681929;1191531.3;13218067;10569495;6581261;4111190.8;5922804.5;658456.63;CUNDINAMARCA
mujer;25;2013;25915444;20282294;14353132;6327732;13183296;1169836;12773743;10071312;6258253;3994380.3;5593479;664774;CUNDINAMARCA
hombre;25;2012;26017608;20304778;14490999;5835469;13115434;1375565.3;13264940;10370169;8294672.5;2136353.3;7702003.5;592669.06;CUNDINAMARCA
mujer;25;2018;26389758;21106424;15227904;6248783.5;13750236;1477668.1;12942723;10396080;6780653;3771458.5;5897575.5;883077.31;CUNDINAMARCA
hombre;25;2017;26284690;20939660;14873460;6407139;13681929;1191531.3;13066623;10370165;8292199.5;2295948;7759125;533074.56;CUNDINAMARCA
hombre;25;2018;26389758;21106424;15227904;6248783.5;13750236;1477668.1;13447036;10710345;8447251;2477325.3;7852660.5;594590.75;CUNDINAMARCA
mujer;25;2015;26267752;20553822;14929813;6003431;13778535;1151278.6;13137797;10298227;6727524.5;3731356;5993009.5;734515.31;CUNDINAMARCA
hombre;25;2014;26293908;20559306;15063029;5917888;13789771;1273258.4;13382165;10424766;8380617;2293637.5;7827683.5;552933.75;CUNDINAMARCA
mujer;25;2016;26311948;20889356;14738651;6483631;13563649;1175001.9;12905511;10361042;6338235;4177688.3;5719684;618551;CUNDINAMARCA
mujer;25;2011;25456048;19645002;14033339;6021583.5;12721452;1311887.5;12533009;9758566;5992499.5;3954571.8;5191274.5;801224.88;CUNDINAMARCA
mujer;25;2014;26293908;20559306;15063029;5917888;13789771;1273258.4;12911744;10134540;6682412.5;3624250.8;5962087.5;720324.56;CUNDINAMARCA
hombre;25;2013;25915444;20282294;14353132;6327732;13183296;1169836;13141702;10210982;8094879.5;2333351.5;7589817.5;505061.97;CUNDINAMARCA
hombre;25;2016;26311948;20889356;14738651;6483631;13563649;1175001.9;13406437;10528314;8400416;2305942.8;7843965;556450.88;CUNDINAMARCA
hombre;25;2019;26818888;21422046;14857915;6980762.5;13183551;1674363.9;13509482;10789247;8419054;2579217;7718647;700406.44;CUNDINAMARCA
mujer;25;2012;26017608;20304778;14490999;5835469;13115434;1375565.3;12752668;9934609;6196326.5;3699115.8;5413430;782896.19;CUNDINAMARCA
hombre;25;2011;25456048;19645002;14033339;6021583.5;12721452;1311887.5;12923039;9886436;8040840;2067011.9;7530177.5;510662.63;CUNDINAMARCA
hombre;25;2015;26267752;20553822;14929813;6003431;13778535;1151278.6;13129956;10255595;8202288.5;2272075.3;7785525.5;416763.31;CUNDINAMARCA
mujer;25;2019;26818888;21422046;14857915;6980762.5;13183551;1674363.9;13309406;10632798;6438861;4401545.5;5464903.5;973957.44;CUNDINAMARCA
mujer;27;2014;8613023;5766643.5;2758361.3;3300754;2438747.8;319613.38;4195897.5;2844148.3;926803.63;2047229.9;773818.75;152984.84;CHOCO
hombre;27;2019;9413754;6335875.5;2951588.8;3676166.3;2625520;326068.81;4702969.5;3124405;1928979.1;1343361.3;1782728.9;146250.27;CHOCO
mujer;27;2011;8350127;5631640.5;3357274.8;2518564;3010887.5;346387.16;4092764;2813652.8;1277451.6;1637192.5;1056356.8;221094.88;CHOCO
mujer;27;2013;8591069;5707316.5;3144689.3;2825792.5;2806115.5;338573.69;4236841;2776149;1145995;1771990.8;959566.19;186428.83;CHOCO
hombre;27;2014;8613023;5766643.5;2758361.3;3300754;2438747.8;319613.38;4417125;2922495.5;1831557.5;1253524.1;1664929;166628.53;CHOCO
mujer;27;2015;8404278;5546139.5;2850394;2963337.3;2550314.3;300079.75;4170401;2779327.3;1020182.3;1868823.3;876180;144002.31;CHOCO
mujer;27;2018;9305441;6307735.5;3331362.3;3251804.3;3076159.5;255202.72;4681074;3189193;1218165.6;2114922.8;1062988.9;155176.78;CHOCO
hombre;27;2015;8404278;5546139.5;2850394;2963337.3;2550314.3;300079.75;4233877;2766812;1830211.6;1094514;1674134.1;156077.44;CHOCO
mujer;27;2019;9413754;6335875.5;2951588.8;3676166.3;2625520;326068.81;4710784;3211470.5;1022609.7;2332805;842791.13;179818.56;CHOCO
mujer;27;2017;9309753;6247925.5;3340090;3222439;3073453.3;266636.88;4537079.5;3087901.5;1185722.4;2052400.8;1026637.8;159084.56;CHOCO
hombre;27;2012;8510081;5707323.5;3083987;2776122.8;2799941.8;284045.28;4381493;2922994.8;1996138.9;1021615.6;1889560.4;106578.49;CHOCO
hombre;27;2013;8591069;5707316.5;3144689.3;2825792.5;2806115.5;338573.69;4354228;2931167.8;1998694.3;1053801.9;1846549.4;152144.86;CHOCO
mujer;27;2012;8510081;5707323.5;3083987;2776122.8;2799941.8;284045.28;4128588.3;2784328.8;1087848.3;1754507;910381.44;177466.8;CHOCO
mujer;27;2016;8987702;5983075.5;3209067.8;3060285.8;2916577.5;292490.25;4416841.5;2927278.8;1180253.1;1865932.6;999891.69;180361.45;CHOCO
hombre;27;2017;9309753;6247925.5;3340090;3222439;3073453.3;266636.88;4772674;3160024.3;2154367.8;1170038.3;2046815.4;107552.3;CHOCO
hombre;27;2016;8987702;5983075.5;3209067.8;3060285.8;2916577.5;292490.25;4570860.5;3055797;2028814.5;1194353;1916685.8;112128.8;CHOCO
hombre;27;2011;8350127;5631640.5;3357274.8;2518564;3010887.5;346387.16;4257363.5;2817987.8;2079823.1;881371.44;1954530.9;125292.29;CHOCO
hombre;27;2018;9305441;6307735.5;3331362.3;3251804.3;3076159.5;255202.72;4624366.5;3118542.8;2113196.8;1136881.4;2013170.8;100025.94;CHOCO
mujer;41;2013;12482930;9464732;6215490.5;3440848;5647911;567579.5;6293767.5;4774232;2558225.5;2311933.3;2248103;310122.5;HUILA
hombre;41;2019;13421202;10334381;6621754;3859373.3;6043052.5;578701.5;6632968;5077246;3940945.5;1214867.9;3663213;277732.31;HUILA
hombre;41;2011;12314842;9383892;5991329;3595031;5503481;487848.09;6176550;4710292;3700706.8;1123704.1;3489085.5;211621.3;HUILA
mujer;41;2014;12861040;9759157;6120517.5;3821854.3;5600458;520059.56;6440528;4933572.5;2410506.3;2605252.3;2121037.8;289468.5;HUILA
hombre;41;2018;13541292;10360364;6526162;3999945.5;5885374.5;640787.25;6702158;5124996.5;3866896;1346157.1;3591660.8;275235.34;HUILA
mujer;41;2016;13259191;10088671;6617034.5;3681475;6061830;555204.13;6742452;5133986;2753321.8;2475732;2423121.8;330199.94;HUILA
mujer;41;2015;12934449;9841521;6515996;3520855;5993674.5;522321.16;6464585.5;4953365;2680410;2368949;2392146.3;288263.72;HUILA
mujer;41;2019;13421202;10334381;6621754;3859373.3;6043052.5;578701.5;6788233.5;5257135;2680808.8;2644505.5;2379839.5;300969.22;HUILA
mujer;41;2012;12385037;9316149;6261220;3089572;5609535;651685.13;6320044;4768177.5;2610087.3;2115327.5;2205555.3;404532.03;HUILA
mujer;41;2018;13541292;10360364;6526162;3999945.5;5885374.5;640787.25;6839133.5;5235367.5;2659265.8;2653788.3;2293713.8;365551.94;HUILA
hombre;41;2014;12861040;9759157;6120517.5;3821854.3;5600458;520059.56;6420512;4825584;3710011.5;1216602;3479420.5;230591.08;HUILA
mujer;41;2017;13312169;10295099;6647841;3819528.5;6053103.5;594737.56;6649910.5;5144988.5;2674943.8;2553550.8;2335643.5;339300.22;HUILA
hombre;41;2016;13259191;10088671;6617034.5;3681475;6061830;555204.13;6516738.5;4954685;3863712.5;1205743;3638708.3;225004.19;HUILA
hombre;41;2013;12482930;9464732;6215490.5;3440848;5647911;567579.5;6189162.5;4690500.5;3657265;1128914.9;3399808;257457.02;HUILA
hombre;41;2012;12385037;9316149;6261220;3089572;5609535;651685.13;6064993;4547971.5;3651132.8;974244.69;3403979.8;247153.08;HUILA
hombre;41;2017;13312169;10295099;6647841;3819528.5;6053103.5;594737.56;6662258;5150111;3972897.3;1265977.6;3717459.8;255437.34;HUILA
mujer;41;2011;12314842;9383892;5991329;3595031;5503481;487848.09;6138292;4673600;2290622.3;2471326.8;2014395.5;276226.78;HUILA
hombre;41;2015;12934449;9841521;6515996;3520855;5993674.5;522321.16;6469863.5;4888156.5;3835585.8;1151906;3601528.5;234057.45;HUILA
mujer;44;2014;10805851;7432530;5145788.5;2491794.3;4827157.5;318631.22;5540462;3847611;2323299;1642681.6;2110637.3;212661.77;LA GUAJIRA
hombre;44;2017;11422853;7865302;5516093.5;2584657.8;5113395;402698.78;5733895.5;3857262.5;3013493.3;960145;2863856;149637.11;LA GUAJIRA
mujer;44;2017;11422853;7865302;5516093.5;2584657.8;5113395;402698.78;5688957.5;4008039.5;2502600.5;1624512.9;2249538.8;253061.67;LA GUAJIRA
mujer;44;2018;11868164;8141903.5;5631283;2699388;5334360;296923.03;5929973;4168300.8;2513640;1734431.4;2320366.5;193273.5;LA GUAJIRA
hombre;44;2016;11303209;7770859;5425801.5;2558618.8;4919543;506258.38;5587475;3793873;2970927.3;945362.19;2798997.8;171929.34;LA GUAJIRA
hombre;44;2011;9964123;6752952;4355377.5;2632570.5;3989504;365873.84;4855278;3228519.5;2482819.8;884662.69;2343886.5;138933.23;LA GUAJIRA
mujer;44;2019;12236806;8439117;5710682;2954868.3;5271800.5;438881.66;6125628;4283856;2549205;1838665.9;2265836.5;283368.53;LA GUAJIRA
hombre;44;2012;10265255;7111246.5;5135955.5;2071735.9;4640276.5;495678.84;5125495;3511019.8;2821392;743332.25;2625396.3;195995.86;LA GUAJIRA
hombre;44;2013;10516032;7187754;5025516;2379885;4640344.5;385171.22;5174878.5;3508739.5;2850919.8;751455.31;2689428;161491.75;LA GUAJIRA
mujer;44;2016;11303209;7770859;5425801.5;2558618.8;4919543;506258.38;5715733.5;3976986;2454874.3;1613256.5;2120545;334329.03;LA GUAJIRA
hombre;44;2019;12236806;8439117;5710682;2954868.3;5271800.5;438881.66;6111177.5;4155261.3;3161477;1116202.4;3005963.8;155513.11;LA GUAJIRA
hombre;44;2018;11868164;8141903.5;5631283;2699388;5334360;296923.03;5938191;3973602.8;3117643;964956.69;3013993.5;103649.54;LA GUAJIRA
hombre;44;2014;10805851;7432530;5145788.5;2491794.3;4827157.5;318631.22;5265389.5;3584918.8;2822489.8;849112.69;2716520.3;105969.46;LA GUAJIRA
mujer;44;2011;9964123;6752952;4355377.5;2632570.5;3989504;365873.84;5108845;3524432.5;1872557.9;1747907.8;1645617.3;226940.59;LA GUAJIRA
mujer;44;2012;10265255;7111246.5;5135955.5;2071735.9;4640276.5;495678.84;5139760;3600226.8;2314563.3;1328403.6;2014880.3;299682.97;LA GUAJIRA
mujer;44;2013;10516032;7187754;5025516;2379885;4640344.5;385171.22;5341153.5;3679014.5;2174596.3;1628429.8;1950916.6;223679.48;LA GUAJIRA
mujer;44;2015;11162904;7680426;5310733;2626078.5;4912498;398234.81;5613992;3936608.8;2391432.3;1655363.9;2168921.5;222510.73;LA GUAJIRA
hombre;44;2015;11162904;7680426;5310733;2626078.5;4912498;398234.81;5548912.5;3743817;2919300.5;970714.63;2743576.5;175724.08;LA GUAJIRA
mujer;47;2012;14026714;10230694;5944406;4213924.5;5488285;456121.41;6897181.5;5047790;2238287;2759024.3;1971609.3;266677.84;MAGDALENA
mujer;47;2017;15248970;11416098;6627339.5;5038953.5;6123923.5;503415.75;7546979;5694299;2581709.8;3243319.3;2240663.5;341046.25;MAGDALENA
hombre;47;2012;14026714;10230694;5944406;4213924.5;5488285;456121.41;7129533;5182903.5;3706119.3;1454900.3;3516675.8;189443.55;MAGDALENA
hombre;47;2016;14937727;11005857;6470294;4774502.5;5936584.5;533709.38;7505539.5;5420976;3843726.3;1718768.5;3667817.5;175908.72;MAGDALENA
hombre;47;2019;15568784;11731986;6799788.5;5137685;6212811;586977.44;7845975.5;5892954.5;4237822;1760751;4022953.5;214868.63;MAGDALENA
mujer;47;2018;15379584;11576208;6604923;5161546.5;6159164;445759.22;7629906.5;5769684;2519970.8;3326681.5;2253811;266159.75;MAGDALENA
hombre;47;2018;15379584;11576208;6604923;5161546.5;6159164;445759.22;7749677.5;5806523.5;4084952.3;1834865;3905352.8;179599.44;MAGDALENA
hombre;47;2017;15248970;11416098;6627339.5;5038953.5;6123923.5;503415.75;7701991;5721799;4045629.8;1795634.3;3883260.3;162369.5;MAGDALENA
mujer;47;2013;14248020;10403234;5932357;4679010;5493157;439200.38;6979540;5170143.5;2270014.8;2986981.8;1998637.8;271377.03;MAGDALENA
mujer;47;2015;14814568;10863043;6373992;4721578;5930707;443285.44;7312168.5;5429604.5;2518768.5;3023779;2231271;287497.59;MAGDALENA
mujer;47;2011;13709607;9967803;5668468;4478417;5137368.5;531099.5;6879689;5013737;2109362.3;2982960.5;1817882;291480.41;MAGDALENA
hombre;47;2011;13709607;9967803;5668468;4478417;5137368.5;531099.5;6829917.5;4954066;3559105.5;1495456.5;3319486.5;239619.13;MAGDALENA
hombre;47;2015;14814568;10863043;6373992;4721578;5930707;443285.44;7502399.5;5433439;3855223.8;1697798.8;3699435.8;155787.81;MAGDALENA
mujer;47;2016;14937727;11005857;6470294;4774502.5;5936584.5;533709.38;7432187.5;5584880.5;2626567.5;3055733.8;2268767;357800.63;MAGDALENA
mujer;47;2019;15568784;11731986;6799788.5;5137685;6212811;586977.44;7722808;5839032;2561966.3;3376934;2189857.5;372108.78;MAGDALENA
hombre;47;2013;14248020;10403234;5932357;4679010;5493157;439200.38;7268480.5;5233091;3662342.3;1692028;3494519;167823.33;MAGDALENA
mujer;47;2014;14538508;10668318;6180159;4705615.5;5742890;437269.03;7137476.5;5327555;2384217.5;3027359;2116498.5;267718.88;MAGDALENA
hombre;47;2014;14538508;10668318;6180159;4705615.5;5742890;437269.03;7401031;5340763;3795941.5;1678256.4;3626391.3;169550.17;MAGDALENA
mujer;50;2013;11100464;8410837;5192116.5;3389307.5;4660111;532005.31;5577008;4244778;2063523.4;2257576.8;1790566.8;272956.56;META
hombre;50;2018;12159635;9446720;5948283.5;3672703.8;5248828.5;699455.06;6095823.5;4723044.5;3556473;1262059.4;3209116.3;347356.66;META
hombre;50;2015;11463635;8779507;5669069;3266006.5;5097105;571964.31;5741739;4357250;3319780.3;1119798.4;3037280;282500.25;META
hombre;50;2017;11776146;9142179;5984003.5;3308456;5264608;719395.44;5907681;4553443;3524414.8;1115203.6;3199045.5;325369.16;META
mujer;50;2015;11463635;8779507;5669069;3266006.5;5097105;571964.31;5721895.5;4422257;2349289;2146208;2059824.9;289464.06;META
mujer;50;2014;11292423;8624641;5371528.5;3411689.8;4826400.5;545128.44;5589377.5;4308876.5;2135438.8;2241447.5;1871074.8;264364.06;META
mujer;50;2011;10811701;8121365;5269596.5;3023372.5;4776304;493292.84;5369900;4090517;2152132.3;2010378.5;1898794.5;253337.84;META
hombre;50;2019;12261109;9545869;6028807;3676569;5268471.5;760335.81;6178651;4794567;3620039.5;1258054;3237857;382182.53;META
mujer;50;2019;12261109;9545869;6028807;3676569;5268471.5;760335.81;6082458;4751302.5;2408767.5;2418515;2030614.3;378153.28;META
mujer;50;2018;12159635;9446720;5948283.5;3672703.8;5248828.5;699455.06;6063811;4723675.5;2391810.5;2410644.5;2039712.1;352098.38;META
hombre;50;2014;11292423;8624641;5371528.5;3411689.8;4826400.5;545128.44;5703046;4315764.5;3236090;1170242.4;2955325.5;280764.34;META
hombre;50;2013;11100464;8410837;5192116.5;3389307.5;4660111;532005.31;5523455.5;4166058.8;3128593;1131730.9;2869544.3;259048.77;META
hombre;50;2011;10811701;8121365;5269596.5;3023372.5;4776304;493292.84;5441800.5;4030847.8;3117464.3;1012994.1;2877509.3;239954.98;META
hombre;50;2012;10968834;8306980;5293345;3064588.5;4743248.5;550096.63;5503245.5;4150701.3;3221878.5;976450.38;2952455.5;269422.84;META
mujer;50;2016;11910793;9058793;5770607.5;3456691.5;5170468.5;600139;5916718;4551662;2351203.8;2270142.8;2047919.5;303284.25;META
mujer;50;2012;10968834;8306980;5293345;3064588.5;4743248.5;550096.63;5465588;4156278.8;2071466.8;2088138;1790792.9;280673.78;META
mujer;50;2017;11776146;9142179;5984003.5;3308456;5264608;719395.44;5868465.5;4588736;2459588.8;2193252.5;2065562.4;394026.31;META
hombre;50;2016;11910793;9058793;5770607.5;3456691.5;5170468.5;600139;5994075.5;4507131;3419403.8;1186548.5;3122549;296854.72;META
mujer;52;2013;20204402;15884155;11018287;5240011.5;9799334;1218952.8;10218365;8099462;4834055;3420595;4087769;746286;NARIﾃ前
hombre;52;2019;21279900;17098904;11550704;5900609.5;10794113;756591;10476465;8433457;6568149;2052461.1;6258158;309991.06;NARIﾃ前
mujer;52;2015;21091336;16836404;11715681;5553968;10632707;1082974;10622104;8570528;5125934.5;3627627.8;4398056;727878.19;NARIﾃ前
hombre;52;2014;20540246;16161414;11090317;5427061;9891766;1198551.1;10125168;7854300.5;6169666.5;1883697.3;5738017.5;431648.91;NARIﾃ前
mujer;52;2014;20540246;16161414;11090317;5427061;9891766;1198551.1;10415078;8307113;4920650.5;3543363.8;4153748.5;766902.19;NARIﾃ前
mujer;52;2012;19840558;15468520;10709511;4797725;9328767;1380744.1;10113859;7933560;4681082;3197757;3806898;874184.13;NARIﾃ前
mujer;52;2016;20790268;16589994;11780741;5135348;10862772;917968.25;10553420;8502134;5267251;3368732.3;4690383;576868.31;NARIﾃ前
mujer;52;2011;19983262;15506540;10918157;4951847.5;9334795;1583361.4;10051634;7883642.5;4797898.5;3257537;3771958;1025940.7;NARIﾃ前
hombre;52;2013;20204402;15884155;11018287;5240011.5;9799334;1218952.8;9986037;7784693;6184232;1819416.6;5711565;472666.75;NARIﾃ前
hombre;52;2017;20993082;16643653;11865303;5096824.5;11014872;850431.31;10336857;8120719.5;6623696;1654474.4;6321047.5;302648.38;NARIﾃ前
mujer;52;2017;20993082;16643653;11865303;5096824.5;11014872;850431.31;10656225;8522933;5241607;3442349.8;4693824.5;547782.94;NARIﾃ前
mujer;52;2019;21279900;17098904;11550704;5900609.5;10794113;756591;10803435;8665447;4982555;3848148.8;4535955;446599.91;NARIﾃ前
hombre;52;2018;21251916;16988558;11429431;5913377.5;10705675;723756.69;10414542;8247239;6453209.5;1980481.9;6143658;309551.63;NARIﾃ前
hombre;52;2011;19983262;15506540;10918157;4951847.5;9334795;1583361.4;9931628;7622897.5;6120258;1694310.3;5562837.5;557420.69;NARIﾃ前
hombre;52;2016;20790268;16589994;11780741;5135348;10862772;917968.25;10236848;8087860.5;6513489.5;1766615.6;6172389.5;341099.94;NARIﾃ前
hombre;52;2012;19840558;15468520;10709511;4797725;9328767;1380744.1;9726699;7534959.5;6028429;1599968;5521869;506560;NARIﾃ前
mujer;52;2018;21251916;16988558;11429431;5913377.5;10705675;723756.69;10837374;8741318;4976221.5;3932895.8;4562016.5;414205.06;NARIﾃ前
hombre;52;2015;21091336;16836404;11715681;5553968;10632707;1082974;10469231;8265875.5;6589746;1926340.3;6234650.5;355095.88;NARIﾃ前
mujer;54;2014;18836386;14517796;8650787;6098157;7672955;977831.56;9495929;7398038.5;3345593.3;4141187.3;2856309.5;489283.56;N. DE SANTANDER
hombre;54;2012;18424336;14079420;8941442;5080703;7904518.5;1036923.1;9098403;6885612.5;5394123.5;1513765.3;4917994.5;476128.94;N. DE SANTANDER
hombre;54;2011;18401682;14048779;8652071;5631227;7652135.5;999935.25;9147253;6901427.5;5347297.5;1680522.8;4875447.5;471849.91;N. DE SANTANDER
hombre;54;2015;18880806;14677426;8688906;6195701.5;7655812;1033093.5;9352753;7146596;5336737.5;1928204.4;4813777;522960.84;N. DE SANTANDER
hombre;54;2013;18550180;14250153;8850254;5608145;7790460.5;1059793.6;9234733;7022456;5410147.5;1728565.6;4933542;476605.56;N. DE SANTANDER
mujer;54;2016;19188032;14901349;8885780;6248530.5;7837169;1048610.9;9616168;7573171;3486932.5;4155397.5;2996952;489980.66;N. DE SANTANDER
mujer;54;2013;18550180;14250153;8850254;5608145;7790460.5;1059793.6;9315448;7227697;3440107;3879579.3;2856919;583188.06;N. DE SANTANDER
hombre;54;2014;18836386;14517796;8650787;6098157;7672955;977831.56;9340458;7119758;5305193.5;1956969.6;4816645.5;488548;N. DE SANTANDER
mujer;54;2019;20102524;15720972;8830695;7069190.5;7582705;1247989.6;10110768;7998363.5;3368246;4732903;2778064.8;590181.38;N. DE SANTANDER
mujer;54;2015;18880806;14677426;8688906;6195701.5;7655812;1033093.5;9528053;7530830;3352167.8;4267497;2842035.3;510132.63;N. DE SANTANDER
hombre;54;2017;19594782;15208618;9041606;6397736;7992224.5;1049382;9764581;7437926;5476646.5;2121486;4984059.5;492586.88;N. DE SANTANDER
mujer;54;2018;19882330;15510910;8843705;6878219.5;7732039;1111666;10076571;7941427;3417277.5;4613563.5;2850440.8;566836.63;N. DE SANTANDER
hombre;54;2019;20102524;15720972;8830695;7069190.5;7582705;1247989.6;9991757;7722608.5;5462448.5;2336287.5;4804640.5;657808.19;N. DE SANTANDER
mujer;54;2017;19594782;15208618;9041606;6397736;7992224.5;1049382;9830202;7770692;3564959.8;4276250;3008164.8;556795.13;N. DE SANTANDER
mujer;54;2011;18401682;14048779;8652071;5631227;7652135.5;999935.25;9254429;7147352;3304773.5;3950704.3;2776688;528085.31;N. DE SANTANDER
hombre;54;2018;19882330;15510910;8843705;6878219.5;7732039;1111666;9805759;7569482.5;5426427.5;2264656.3;4881598;544829.44;N. DE SANTANDER
mujer;54;2012;18424336;14079420;8941442;5080703;7904518.5;1036923.1;9325932;7193807;3547318;3566938;2986524;560794.19;N. DE SANTANDER
hombre;54;2016;19188032;14901349;8885780;6248530.5;7837169;1048610.9;9571864;7328178;5398847.5;2093132.9;4840217;558630.25;N. DE SANTANDER
mujer;63;2015;9129412;7377949;4713849.5;2735193.8;4156299.5;557549.94;4576292;3715506;1948911.4;1803825.8;1625939.9;322971.47;QUINDIO
hombre;63;2015;9129412;7377949;4713849.5;2735193.8;4156299.5;557549.94;4553120;3662443;2764938.3;931368.13;2530359.8;234578.45;QUINDIO
hombre;63;2013;9089029;7302780;4667386;2746524;3997903.3;669483;4548587;3626438.5;2739403.5;940577.25;2461154.5;278249.06;QUINDIO
mujer;63;2016;10576224;8528272;5668905.5;2948369;4960547;708358.69;5253650.5;4261265;2349270;1938764;1935634.9;413635.13;QUINDIO
mujer;63;2017;11227014;9066708;5965079.5;3213483.8;5256017;709062.63;5539540.5;4498839.5;2466936.3;2090596.6;2053775.8;413160.63;QUINDIO
hombre;63;2014;10944793;8685615;5657948;3192824.8;5006639.5;651308.5;5473065;4305559;3332456.3;1063078.8;3064927.5;267528.72;QUINDIO
mujer;63;2018;11309488;8991195;5943201.5;3144253.5;5194561.5;748640.19;5565734;4496643;2413676;2115822.8;2021190.8;392485.34;QUINDIO
hombre;63;2018;11309488;8991195;5943201.5;3144253.5;5194561.5;748640.19;5743754;4494551.5;3529525.3;1028430.8;3173370.5;356154.81;QUINDIO
mujer;63;2012;9250755;7359204;4588078;2744749.5;3949040.3;639037.94;4695563;3751143.8;1901800.9;1819160.6;1540112.8;361688.16;QUINDIO
hombre;63;2016;10576224;8528272;5668905.5;2948369;4960547;708358.69;5322574;4267007.5;3319635.5;1009604.9;3024912;294723.56;QUINDIO
hombre;63;2011;9150118;7286798;4531605.5;2854761.3;3754859.8;776745.81;4554097;3646010.5;2742124.5;957072.88;2407324.3;334800.38;QUINDIO
hombre;63;2019;11484092;9267331;6055235;3313413.8;5231376;823858.88;5756858;4632053.5;3578718;1106936.6;3211273;367444.94;QUINDIO
mujer;63;2019;11484092;9267331;6055235;3313413.8;5231376;823858.88;5727234;4635277;2476516.8;2206477;2020102.9;456413.94;QUINDIO
hombre;63;2017;11227014;9066708;5965079.5;3213483.8;5256017;709062.63;5687473;4567868;3498143.3;1122887.3;3202241.3;295902;QUINDIO
hombre;63;2012;9250755;7359204;4588078;2744749.5;3949040.3;639037.94;4555191.5;3608060;2686277.5;925588.81;2408927.5;277349.81;QUINDIO
mujer;63;2014;10944793;8685615;5657948;3192824.8;5006639.5;651308.5;5471727.5;4380055.5;2325491.8;2129746;1941711.9;383779.75;QUINDIO
mujer;63;2013;9089029;7302780;4667386;2746524;3997903.3;669483;4540442;3676341.8;1927982.6;1805946.6;1536748.6;391233.94;QUINDIO
mujer;63;2011;9150118;7286798;4531605.5;2854761.3;3754859.8;776745.81;4596021;3640787.5;1789481;1897688.4;1347535.6;441945.47;QUINDIO
mujer;66;2013;13213173;10574042;6526577;4198602.5;5678742;847835;6724661;5464967;2664311;2860778;2199126.3;465184.78;RISARALDA
hombre;66;2013;13213173;10574042;6526577;4198602.5;5678742;847835;6488512.5;5109075.5;3862266;1337824.3;3479615.8;382650.22;RISARALDA
mujer;66;2011;13153126;10431547;6732124;3869030;5762574;969550.13;6680633.5;5330606.5;2794324.8;2620750.8;2266419;527905.81;RISARALDA
mujer;66;2015;13316194;10746084;6739443;4139212.3;6030723.5;708719.75;6790314.5;5537128.5;2790581;2806634.5;2400423.5;390157.53;RISARALDA
hombre;66;2015;13316194;10746084;6739443;4139212.3;6030723.5;708719.75;6525879;5208956;3948862;1332577.9;3630299.8;318562.25;RISARALDA
mujer;66;2012;13205921;10546671;6810164;3680937.8;5775790.5;1034373.4;6732800.5;5451074.5;2823684.8;2543911;2271262;552422.81;RISARALDA
mujer;66;2014;13406808;10796734;6772784.5;4163214.3;5955237.5;817547;6867039.5;5592865.5;2813148.5;2840888;2378334.3;434814.22;RISARALDA
mujer;66;2018;13927902;11283492;7260670;4163575.5;6717961.5;542708.44;7051121;5791340;2963174;2887915.5;2651795;311379.19;RISARALDA
mujer;66;2019;13946587;11310856;6992843;4442901;6476533;516309.94;7115918;5837157;2847292;3041498.8;2568538.3;278753.84;RISARALDA
hombre;66;2018;13927902;11283492;7260670;4163575.5;6717961.5;542708.44;6876780.5;5492152.5;4297496;1275659.9;4066166.8;231329.22;RISARALDA
hombre;66;2012;13205921;10546671;6810164;3680937.8;5775790.5;1034373.4;6473121;5095596.5;3986479.3;1137026.6;3504528.5;481950.59;RISARALDA
mujer;66;2016;13434140;10836432;6918778.5;4059553.3;6292858.5;625920.25;6835893.5;5582846;2875549;2756215;2496359;379189.91;RISARALDA
hombre;66;2016;13434140;10836432;6918778.5;4059553.3;6292858.5;625920.25;6598246.5;5253585.5;4043229.8;1303338.3;3796499.5;246730.33;RISARALDA
hombre;66;2011;13153126;10431547;6732124;3869030;5762574;969550.13;6472493;5100940.5;3937799.3;1248279.4;3496155;441644.28;RISARALDA
mujer;66;2017;13804050;11143255;7168111;4139162.8;6629139;538972.13;6969142;5674671;2892789.5;2850566.8;2589870.3;302919.34;RISARALDA
hombre;66;2014;13406808;10796734;6772784.5;4163214.3;5955237.5;817547;6539768;5203868;3959636;1322326.4;3576903.3;382732.75;RISARALDA
hombre;66;2019;13946587;11310856;6992843;4442901;6476533;516309.94;6830669.5;5473698.5;4145550.8;1401402.1;3907994.8;237556.09;RISARALDA
hombre;66;2017;13804050;11143255;7168111;4139162.8;6629139;538972.13;6834908.5;5468583.5;4275321.5;1288596;4039268.5;236052.78;RISARALDA
hombre;68;2015;26704402;21434996;14874399;6832171.5;13862484;1011915.5;13238131;10532644;8246903.5;2419932.8;7785042;461861.38;SANTANDER
mujer;68;2019;27655564;22299696;15203713;7354376;13654009;1549703.8;13996672;11366841;6709773.5;4776536;5840392;869381.38;SANTANDER
mujer;68;2012;25931236;20628562;14338640;6124814;13201348;1137292;13149105;10562759;6380215;4022553.8;5734661.5;645553.56;SANTANDER
mujer;68;2014;26075356;20943126;14566548;6619966;13590738;975810.5;13327717;10788667;6573019.5;4329543;6022929;550090.56;SANTANDER
mujer;68;2015;26704402;21434996;14874399;6832171.5;13862484;1011915.5;13466272;10902352;6627496;4412239;6077442;550054.13;SANTANDER
hombre;68;2013;26112310;20795796;14616171;6400934.5;13512916;1103255.6;12847128;10150225;8054161;2214192.3;7570900.5;483260.44;SANTANDER
mujer;68;2016;26669708;21442336;14965164;6723934;13844503;1120661.5;13676824;11045630;6773709;4379824;6172522.5;601186.25;SANTANDER
mujer;68;2017;27049360;21771720;14874794;7155234.5;13837291;1037502.1;13657934;11127929;6628869.5;4613639;6069255.5;559614.31;SANTANDER
hombre;68;2018;27476350;22179384;15456488;6982744.5;14160938;1295549.5;13560317;10826062;8575255;2380516.3;7962453.5;612801.94;SANTANDER
hombre;68;2014;26075356;20943126;14566548;6619966;13590738;975810.5;12747639;10154459;7993528.5;2290423;7567808.5;425719.94;SANTANDER
mujer;68;2018;27476350;22179384;15456488;6982744.5;14160938;1295549.5;13916033;11353322;6881232.5;4602228.5;6198485;682747.56;SANTANDER
hombre;68;2011;25804174;20642362;14123576;6785110.5;13019149;1104426.5;12720967;10164495;8039263.5;2278944.5;7540217;499046.44;SANTANDER
hombre;68;2012;25931236;20628562;14338640;6124814;13201348;1137292;12782131;10065802;7958425;2102260;7466687;491738.44;SANTANDER
mujer;68;2011;25804174;20642362;14123576;6785110.5;13019149;1104426.5;13083206;10477866;6084312;4506166;5478932;605380.13;SANTANDER
hombre;68;2017;27049360;21771720;14874794;7155234.5;13837291;1037502.1;13391427;10643790;8245924;2541595.3;7768036;477887.81;SANTANDER
mujer;68;2013;26112310;20795796;14616171;6400934.5;13512916;1103255.6;13265181;10645572;6562010.5;4186742.3;5942015;619995.19;SANTANDER
hombre;68;2016;26669708;21442336;14965164;6723934;13844503;1120661.5;12992884;10396705;8191455;2344110;7671980;519475.25;SANTANDER
hombre;68;2019;27655564;22299696;15203713;7354376;13654009;1549703.8;13658892;10932855;8493940;2577840;7813617.5;680322.44;SANTANDER
hombre;70;2011;10089000;7567505.5;4261056;3483205.3;3815282.5;445773.31;5088647.5;3799678.8;2765472;1120695.8;2577259;188212.98;SUCRE
mujer;70;2011;10089000;7567505.5;4261056;3483205.3;3815282.5;445773.31;5000352;3767827;1495583.8;2362509.5;1238023.5;257560.34;SUCRE
mujer;70;2016;10872077;8196734;5041890;3352616.5;4579583;462307.13;5378729.5;4068326.3;1956758.8;2218565;1681018.1;275740.69;SUCRE
hombre;70;2017;10973430;8376813;5116361;3448038.5;4672709;443651.69;5609663;4258949.5;3151957.8;1219818.1;2984003.3;167954.55;SUCRE
hombre;70;2013;10630156;8015221;4853006.5;3331412.8;4400941.5;452064.97;5399584.5;4070802.5;3059730;1101043.9;2878071.3;181658.75;SUCRE
hombre;70;2014;10745540;8064877;4880254.5;3362828.5;4476512.5;403741.88;5459570.5;4110700.5;3079031.3;1114202.8;2923101.8;155929.42;SUCRE
hombre;70;2019;11153825;8549246;5263202;3471452.8;4674703;588499;5624844.5;4301752.5;3225359.3;1183310.8;3003262.8;222096.47;SUCRE
mujer;70;2013;10630156;8015221;4853006.5;3331412.8;4400941.5;452064.97;5230571.5;3944418.5;1793276.6;2230368.8;1522870.4;270406.22;SUCRE
hombre;70;2015;10658980;8067069;4738804.5;3489786.3;4345856.5;392948.28;5351930;4041366.5;2934710;1186397.5;2788022.5;146687.42;SUCRE
mujer;70;2019;11153825;8549246;5263202;3471452.8;4674703;588499;5528981;4247493;2037842.5;2288142;1671440;366402.53;SUCRE
mujer;70;2015;10658980;8067069;4738804.5;3489786.3;4345856.5;392948.28;5307050;4025702.3;1804094.9;2303388.8;1557834;246260.86;SUCRE
hombre;70;2012;10376075;7748586;4671942.5;3083368.8;4249599;422343.69;5203998.5;3868879.8;2880922.3;1023022.8;2715406.5;165515.86;SUCRE
mujer;70;2014;10745540;8064877;4880254.5;3362828.5;4476512.5;403741.88;5285969;3954176.3;1801223.1;2248625.8;1553410.6;247812.47;SUCRE
mujer;70;2012;10376075;7748586;4671942.5;3083368.8;4249599;422343.69;5172076.5;3879706;1791020.3;2060345.9;1534192.4;256827.81;SUCRE
mujer;70;2018;11004403;8441288;5348939.5;3256270;4866913.5;482025.97;5420105.5;4191315;2059553.6;2212309.8;1751414.1;308139.5;SUCRE
hombre;70;2018;11004403;8441288;5348939.5;3256270;4866913.5;482025.97;5584297;4249973;3289385.8;1043960.3;3115499.3;173886.47;SUCRE
mujer;70;2017;10973430;8376813;5116361;3448038.5;4672709;443651.69;5363767;4117863.8;1964403.1;2228220.5;1688706;275697.16;SUCRE
hombre;70;2016;10872077;8196734;5041890;3352616.5;4579583;462307.13;5493348;4128407.5;3085131.5;1134051.4;2898565;186566.45;SUCRE
mujer;73;2018;17251824;13602104;9230812;4564548;8055000;1175812.6;8576537;6823270;3926683.8;2981580.8;3277689.3;648994.69;TOLIMA
mujer;73;2019;17127866;13432990;8606001;4992953.5;7277235.5;1328765.8;8410875;6666889;3567763;3164956;2831964;735798.94;TOLIMA
hombre;73;2012;16196864;12480921;8706063;3839384;7733198;972864.75;8126554.5;6215739;5103316.5;1191195.1;4665140.5;438175.78;TOLIMA
hombre;73;2019;17127866;13432990;8606001;4992953.5;7277235.5;1328765.8;8716991;6766100.5;5038238.5;1827997.1;4445271.5;592966.75;TOLIMA
hombre;73;2015;16961256;13131657;9147634;4231684;8206023.5;941610.56;8428250;6506287;5230879.5;1410111.9;4792946.5;437933.06;TOLIMA
hombre;73;2018;17251824;13602104;9230812;4564548;8055000;1175812.6;8675288;6778834;5304128.5;1582967;4777310.5;526817.94;TOLIMA
mujer;73;2017;17336164;13573884;9226876;4568635.5;8316617.5;910258.44;8650848;6783951.5;3971833.3;2920463;3470104;501729.34;TOLIMA
mujer;73;2014;16410509;12754881;8700308;4290487;7841285;859023.56;8149685.5;6340415;3665078.8;2756472.5;3205242.3;459836.5;TOLIMA
mujer;73;2012;16196864;12480921;8706063;3839384;7733198;972864.75;8070309.5;6265182;3602746.5;2648189;3068057.5;534689;TOLIMA
hombre;73;2014;16410509;12754881;8700308;4290487;7841285;859023.56;8260823.5;6414465.5;5035229.5;1534014.4;4636042.5;399187.06;TOLIMA
hombre;73;2013;16527758;12718978;8716327;4235836.5;7853539;862788.38;8401227;6345180.5;5023383.5;1453438.9;4644216;379167.69;TOLIMA
mujer;73;2015;16961256;13131657;9147634;4231684;8206023.5;941610.56;8533005;6625369.5;3916754.8;2821572.3;3413077.3;503677.53;TOLIMA
mujer;73;2011;15838864;12215441;8793684;3678307.5;7240488.5;1553195.5;7917207;6204441;3801336.8;2520438;2869256.8;932079.81;TOLIMA
hombre;73;2016;16776407;13073512;9191816;4077529.8;8267252.5;924563.25;8616361;6609229.5;5273228.5;1449398.4;4892714;380514.28;TOLIMA
mujer;73;2016;16776407;13073512;9191816;4077529.8;8267252.5;924563.25;8160045;6464282.5;3918587;2628131.5;3374538;544048.94;TOLIMA
hombre;73;2017;17336164;13573884;9226876;4568635.5;8316617.5;910258.44;8685317;6789933;5255043;1648172.5;4846514;408529.06;TOLIMA
hombre;73;2011;15838864;12215441;8793684;3678307.5;7240488.5;1553195.5;7921657.5;6011000;4992347.5;1157869.4;4371231.5;621115.69;TOLIMA
mujer;73;2013;16527758;12718978;8716327;4235836.5;7853539;862788.38;8126531;6373797.5;3692943.8;2782397.8;3209323;483620.69;TOLIMA
mujer;76;2019;54719504;44686164;29997690;14954435;26423494;3574195;27954378;23095934;13589433;9624038;11547845;2041587.3;VALLE DEL CAUCA
mujer;76;2018;53629444;43651844;29123096;14834815;25764120;3358977.5;27387888;22504310;13101411;9514876;11112343;1989068;VALLE DEL CAUCA
hombre;76;2018;53629444;43651844;29123096;14834815;25764120;3358977.5;26241556;21147534;16021686;5319939;14651777;1369909.5;VALLE DEL CAUCA
hombre;76;2012;50715988;40746168;27036136;13163146;23436188;3599946.8;24695968;19600674;14827057;4636132.5;13276799;1550257.5;VALLE DEL CAUCA
mujer;76;2015;52640672;42590460;28767750;14045176;25586624;3181125.5;27073052;22099868;13195103;9021400;11307552;1887550.8;VALLE DEL CAUCA
hombre;76;2013;51551328;41440120;27410024;14392234;23911154;3498871.3;25173742;19898104;15060426;5037911;13530147;1530278.8;VALLE DEL CAUCA
mujer;76;2012;50715988;40746168;27036136;13163146;23436188;3599946.8;26020020;21145494;12209079;8527014;10159389;2049689.3;VALLE DEL CAUCA
mujer;76;2016;52863200;42953984;28735240;14465767;25566532;3168707;27061982;22283190;13023309;9400820;11169194;1854115.5;VALLE DEL CAUCA
hombre;76;2011;50102308;40110144;26318560;14080353;22695350;3623210.5;24420278;19327118;14579497;4914557;12895136;1684360.8;VALLE DEL CAUCA
hombre;76;2019;54719504;44686164;29997690;14954435;26423494;3574195;26765126;21590228;16408257;5330398;14875649;1532607.6;VALLE DEL CAUCA
hombre;76;2015;52640672;42590460;28767750;14045176;25586624;3181125.5;25567622;20490590;15572648;5023776.5;14279073;1293574.8;VALLE DEL CAUCA
hombre;76;2016;52863200;42953984;28735240;14465767;25566532;3168707;25801218;20670794;15711930;5064947.5;14397339;1314591.6;VALLE DEL CAUCA
mujer;76;2017;53042836;43228336;28895104;14634611;25590936;3304167;27235890;22414150;12988157;9542134;11100710;1887446.9;VALLE DEL CAUCA
hombre;76;2014;51697596;41728744;27663460;14379654;24449476;3213983.8;25103628;20076334;15275998;4972511.5;13840725;1435272.9;VALLE DEL CAUCA
hombre;76;2017;53042836;43228336;28895104;14634611;25590936;3304167;25806946;20814188;15906947;5092477;14490227;1416720.3;VALLE DEL CAUCA
mujer;76;2014;51697596;41728744;27663460;14379654;24449476;3213983.8;26593970;21652410;12387463;9407142;10608752;1778710.8;VALLE DEL CAUCA
mujer;76;2011;50102308;40110144;26318560;14080353;22695350;3623210.5;25682030;20783026;11739063;9165796;9800214;1938849.6;VALLE DEL CAUCA
mujer;76;2013;51551328;41440120;27410024;14392234;23911154;3498871.3;26377588;21542018;12349599;9354323;10381007;1968592.6;VALLE DEL CAUCA
